customer_id,R_days,F_count,M_amount,R_score,F_score,M_score,RFM_score,segment
1,14,14,53,3,2,3,8,Potential Loyalists
2,14,2,64,3,1,3,7,Potential Loyalists
3,7,23,73,5,3,4,12,Loyal Customers
4,7,49,90,5,5,5,15,Champions
5,365,31,49,1,4,2,7,Potential Loyalists
6,7,14,20,5,2,1,8,Potential Loyalists
7,90,49,85,1,5,5,11,Loyal Customers
8,7,19,34,5,2,1,8,Potential Loyalists
9,365,8,97,1,1,5,7,Potential Loyalists
10,90,4,31,1,1,1,3,Low Value / Churn Risk
11,14,26,34,3,3,1,7,Potential Loyalists
12,14,10,68,3,1,3,7,Potential Loyalists
13,14,37,72,3,4,4,11,Loyal Customers
14,7,31,51,5,4,2,11,Loyal Customers
15,7,34,53,5,4,3,12,Loyal Customers
16,30,8,81,3,1,4,8,Potential Loyalists
17,14,44,36,3,5,2,10,Loyal Customers
18,90,36,38,1,4,2,7,Potential Loyalists
19,7,17,48,5,2,2,9,Potential Loyalists
20,14,46,90,3,5,5,13,Champions
21,90,50,51,1,5,2,8,Potential Loyalists
22,90,22,62,1,3,3,7,Potential Loyalists
23,365,32,37,1,4,2,7,Potential Loyalists
24,7,40,88,5,4,5,14,Champions
25,7,16,22,5,2,1,8,Potential Loyalists
26,365,14,25,1,2,1,4,Low Value / Churn Risk
27,365,13,20,1,2,1,4,Low Value / Churn Risk
28,90,7,56,1,1,3,5,At Risk
29,90,41,94,1,5,5,11,Loyal Customers
30,7,14,48,5,2,2,9,Potential Loyalists
31,30,16,31,3,2,1,6,At Risk
32,30,45,79,3,5,4,12,Loyal Customers
33,365,37,67,1,4,3,8,Potential Loyalists
34,90,45,38,1,5,2,8,Potential Loyalists
35,90,38,91,1,4,5,10,Loyal Customers
36,14,48,33,3,5,1,9,Potential Loyalists
37,14,44,69,3,5,4,12,Loyal Customers
38,7,10,45,5,1,2,8,Potential Loyalists
39,90,44,37,1,5,2,8,Potential Loyalists
40,30,18,60,3,2,3,8,Potential Loyalists
41,90,31,76,1,4,4,9,Potential Loyalists
42,365,40,39,1,4,2,7,Potential Loyalists
43,365,15,100,1,2,5,8,Potential Loyalists
44,14,19,69,3,2,4,9,Potential Loyalists
45,7,45,53,5,5,3,13,Champions
46,365,25,21,1,3,1,5,At Risk
47,90,45,43,1,5,2,8,Potential Loyalists
48,7,36,54,5,4,3,12,Loyal Customers
49,30,38,55,3,4,3,10,Loyal Customers
50,14,34,30,3,4,1,8,Potential Loyalists
51,14,39,28,3,4,1,8,Potential Loyalists
52,90,7,59,1,1,3,5,At Risk
53,7,26,20,5,3,1,9,Potential Loyalists
54,7,35,24,5,4,1,10,Loyal Customers
55,14,35,94,3,4,5,12,Loyal Customers
56,365,49,28,1,5,1,7,Potential Loyalists
57,7,46,73,5,5,4,14,Champions
58,14,17,64,3,2,3,8,Potential Loyalists
59,30,29,54,3,3,3,9,Potential Loyalists
60,7,4,79,5,1,4,10,Loyal Customers
61,7,17,37,5,2,2,9,Potential Loyalists
62,90,21,68,1,3,3,7,Potential Loyalists
63,14,31,21,3,4,1,8,Potential Loyalists
64,7,43,79,5,5,4,14,Champions
65,14,18,83,3,2,4,9,Potential Loyalists
66,90,44,36,1,5,2,8,Potential Loyalists
67,90,3,94,1,1,5,7,Potential Loyalists
68,30,49,33,3,5,1,9,Potential Loyalists
69,90,21,46,1,3,2,6,At Risk
70,7,5,70,5,1,4,10,Loyal Customers
71,90,32,29,1,4,1,6,At Risk
72,365,34,48,1,4,2,7,Potential Loyalists
73,90,21,26,1,3,1,5,At Risk
74,14,43,85,3,5,5,13,Champions
75,30,3,58,3,1,3,7,Potential Loyalists
76,365,21,85,1,3,5,9,Potential Loyalists
77,30,32,43,3,4,2,9,Potential Loyalists
78,14,36,53,3,4,3,10,Loyal Customers
79,14,50,91,3,5,5,13,Champions
80,90,43,96,1,5,5,11,Loyal Customers
81,90,24,72,1,3,4,8,Potential Loyalists
82,90,36,96,1,4,5,10,Loyal Customers
83,90,21,28,1,3,1,5,At Risk
84,7,34,40,5,4,2,11,Loyal Customers
85,90,42,32,1,5,1,7,Potential Loyalists
86,14,2,95,3,1,5,9,Potential Loyalists
87,14,47,41,3,5,2,10,Loyal Customers
88,14,44,53,3,5,3,11,Loyal Customers
89,30,35,47,3,4,2,9,Potential Loyalists
90,90,15,83,1,2,4,7,Potential Loyalists
91,30,29,48,3,3,2,8,Potential Loyalists
92,90,18,99,1,2,5,8,Potential Loyalists
93,90,13,87,1,2,5,8,Potential Loyalists
94,7,46,62,5,5,3,13,Champions
95,7,28,76,5,3,4,12,Loyal Customers
96,30,48,100,3,5,5,13,Champions
97,90,43,73,1,5,4,10,Loyal Customers
98,365,37,92,1,4,5,10,Loyal Customers
99,365,20,67,1,2,3,6,At Risk
100,90,33,40,1,4,2,7,Potential Loyalists
101,14,31,98,3,4,5,12,Loyal Customers
102,14,50,85,3,5,5,13,Champions
103,90,35,67,1,4,3,8,Potential Loyalists
104,14,22,89,3,3,5,11,Loyal Customers
105,30,1,24,3,1,1,5,At Risk
106,365,4,96,1,1,5,7,Potential Loyalists
107,30,31,35,3,4,1,8,Potential Loyalists
108,14,46,67,3,5,3,11,Loyal Customers
109,14,32,79,3,4,4,11,Loyal Customers
110,14,43,85,3,5,5,13,Champions
111,14,26,26,3,3,1,7,Potential Loyalists
112,365,9,75,1,1,4,6,At Risk
113,14,28,65,3,3,3,9,Potential Loyalists
114,90,20,54,1,2,3,6,At Risk
115,7,9,95,5,1,5,11,Loyal Customers
116,90,48,94,1,5,5,11,Loyal Customers
117,365,12,86,1,2,5,8,Potential Loyalists
118,14,29,32,3,3,1,7,Potential Loyalists
119,14,27,45,3,3,2,8,Potential Loyalists
120,365,44,76,1,5,4,10,Loyal Customers
121,365,32,84,1,4,4,9,Potential Loyalists
122,14,11,72,3,2,4,9,Potential Loyalists
123,14,44,40,3,5,2,10,Loyal Customers
124,7,46,89,5,5,5,15,Champions
125,365,50,86,1,5,5,11,Loyal Customers
126,90,45,54,1,5,3,9,Potential Loyalists
127,90,48,36,1,5,2,8,Potential Loyalists
128,7,26,89,5,3,5,13,Champions
129,14,21,32,3,3,1,7,Potential Loyalists
130,14,49,67,3,5,3,11,Loyal Customers
131,14,13,39,3,2,2,7,Potential Loyalists
132,7,46,29,5,5,1,11,Loyal Customers
133,7,42,58,5,5,3,13,Champions
134,365,25,65,1,3,3,7,Potential Loyalists
135,30,25,94,3,3,5,11,Loyal Customers
136,90,12,81,1,2,4,7,Potential Loyalists
137,90,4,86,1,1,5,7,Potential Loyalists
138,7,38,43,5,4,2,11,Loyal Customers
139,7,42,29,5,5,1,11,Loyal Customers
140,365,30,95,1,3,5,9,Potential Loyalists
141,7,50,28,5,5,1,11,Loyal Customers
142,7,45,46,5,5,2,12,Loyal Customers
143,14,33,58,3,4,3,10,Loyal Customers
144,90,25,48,1,3,2,6,At Risk
145,30,25,43,3,3,2,8,Potential Loyalists
146,90,44,95,1,5,5,11,Loyal Customers
147,14,21,30,3,3,1,7,Potential Loyalists
148,14,31,64,3,4,3,10,Loyal Customers
149,365,47,90,1,5,5,11,Loyal Customers
150,30,14,76,3,2,4,9,Potential Loyalists
151,90,17,96,1,2,5,8,Potential Loyalists
152,365,3,47,1,1,2,4,Low Value / Churn Risk
153,365,42,85,1,5,5,11,Loyal Customers
154,365,22,55,1,3,3,7,Potential Loyalists
155,90,21,98,1,3,5,9,Potential Loyalists
156,90,21,77,1,3,4,8,Potential Loyalists
157,365,40,26,1,4,1,6,At Risk
158,14,1,68,3,1,3,7,Potential Loyalists
159,30,50,73,3,5,4,12,Loyal Customers
160,90,39,27,1,4,1,6,At Risk
161,30,34,23,3,4,1,8,Potential Loyalists
162,14,29,49,3,3,2,8,Potential Loyalists
163,14,31,74,3,4,4,11,Loyal Customers
164,7,8,67,5,1,3,9,Potential Loyalists
165,14,5,65,3,1,3,7,Potential Loyalists
166,30,7,60,3,1,3,7,Potential Loyalists
167,30,30,31,3,3,1,7,Potential Loyalists
168,90,14,27,1,2,1,4,Low Value / Churn Risk
169,14,5,80,3,1,4,8,Potential Loyalists
170,90,3,30,1,1,1,3,Low Value / Churn Risk
171,14,46,25,3,5,1,9,Potential Loyalists
172,7,4,35,5,1,1,7,Potential Loyalists
173,14,42,67,3,5,3,11,Loyal Customers
174,365,30,46,1,3,2,6,At Risk
175,365,37,35,1,4,1,6,At Risk
176,365,2,86,1,1,5,7,Potential Loyalists
177,90,30,81,1,3,4,8,Potential Loyalists
178,30,47,42,3,5,2,10,Loyal Customers
179,90,21,43,1,3,2,6,At Risk
180,14,9,31,3,1,1,5,At Risk
181,14,12,81,3,2,4,9,Potential Loyalists
182,7,4,61,5,1,3,9,Potential Loyalists
183,365,10,96,1,1,5,7,Potential Loyalists
184,7,26,29,5,3,1,9,Potential Loyalists
185,14,40,33,3,4,1,8,Potential Loyalists
186,14,34,32,3,4,1,8,Potential Loyalists
187,365,31,56,1,4,3,8,Potential Loyalists
188,14,1,94,3,1,5,9,Potential Loyalists
189,14,5,53,3,1,3,7,Potential Loyalists
190,7,4,82,5,1,4,10,Loyal Customers
191,90,48,70,1,5,4,10,Loyal Customers
192,90,29,76,1,3,4,8,Potential Loyalists
193,14,12,29,3,2,1,6,At Risk
194,365,29,100,1,3,5,9,Potential Loyalists
195,90,15,94,1,2,5,8,Potential Loyalists
196,30,34,25,3,4,1,8,Potential Loyalists
197,14,41,88,3,5,5,13,Champions
198,30,41,78,3,5,4,12,Loyal Customers
199,14,39,45,3,4,2,9,Potential Loyalists
200,7,32,73,5,4,4,13,Champions
201,30,29,61,3,3,3,9,Potential Loyalists
202,365,15,22,1,2,1,4,Low Value / Churn Risk
203,365,33,38,1,4,2,7,Potential Loyalists
204,7,18,38,5,2,2,9,Potential Loyalists
205,14,35,100,3,4,5,12,Loyal Customers
206,7,25,64,5,3,3,11,Loyal Customers
207,14,6,55,3,1,3,7,Potential Loyalists
208,14,17,91,3,2,5,10,Loyal Customers
209,30,17,38,3,2,2,7,Potential Loyalists
210,90,44,97,1,5,5,11,Loyal Customers
211,14,6,22,3,1,1,5,At Risk
212,14,45,92,3,5,5,13,Champions
213,365,7,84,1,1,4,6,At Risk
214,90,11,93,1,2,5,8,Potential Loyalists
215,90,41,50,1,5,2,8,Potential Loyalists
216,14,24,64,3,3,3,9,Potential Loyalists
217,7,21,61,5,3,3,11,Loyal Customers
218,365,24,48,1,3,2,6,At Risk
219,90,8,45,1,1,2,4,Low Value / Churn Risk
220,14,12,88,3,2,5,10,Loyal Customers
221,14,48,57,3,5,3,11,Loyal Customers
222,90,6,68,1,1,3,5,At Risk
223,14,14,94,3,2,5,10,Loyal Customers
224,365,34,41,1,4,2,7,Potential Loyalists
225,90,12,83,1,2,4,7,Potential Loyalists
226,365,11,22,1,2,1,4,Low Value / Churn Risk
227,30,5,74,3,1,4,8,Potential Loyalists
228,14,25,90,3,3,5,11,Loyal Customers
229,365,11,79,1,2,4,7,Potential Loyalists
230,90,27,28,1,3,1,5,At Risk
231,365,43,88,1,5,5,11,Loyal Customers
232,90,18,26,1,2,1,4,Low Value / Churn Risk
233,14,32,27,3,4,1,8,Potential Loyalists
234,90,27,83,1,3,4,8,Potential Loyalists
235,7,24,39,5,3,2,10,Loyal Customers
236,90,31,89,1,4,5,10,Loyal Customers
237,14,39,68,3,4,3,10,Loyal Customers
238,14,36,90,4,4,5,13,Champions
239,365,5,34,1,1,1,3,Low Value / Churn Risk
240,14,47,51,4,5,2,11,Loyal Customers
241,14,29,45,4,3,2,9,Potential Loyalists
242,14,43,88,4,5,5,14,Champions
243,90,40,85,1,4,5,10,Loyal Customers
244,30,4,100,3,1,5,9,Potential Loyalists
245,7,39,42,5,4,2,11,Loyal Customers
246,14,45,53,4,5,3,12,Loyal Customers
247,14,20,86,4,2,5,11,Loyal Customers
248,7,14,66,5,2,3,10,Loyal Customers
249,7,33,100,5,4,5,14,Champions
250,365,18,47,1,2,2,5,At Risk
251,7,9,25,5,1,1,7,Potential Loyalists
252,365,34,51,1,4,2,7,Potential Loyalists
253,14,33,41,4,4,2,10,Loyal Customers
254,14,15,73,4,2,4,10,Loyal Customers
255,14,4,42,4,1,2,7,Potential Loyalists
256,365,25,20,1,3,1,5,At Risk
257,90,20,30,1,2,1,4,Low Value / Churn Risk
258,90,5,53,1,1,3,5,At Risk
259,90,16,74,1,2,4,7,Potential Loyalists
260,365,13,57,1,2,3,6,At Risk
261,90,11,57,1,2,3,6,At Risk
262,365,21,77,1,3,4,8,Potential Loyalists
263,365,6,40,1,1,2,4,Low Value / Churn Risk
264,30,29,46,3,3,2,8,Potential Loyalists
265,365,15,78,1,2,4,7,Potential Loyalists
266,14,17,59,4,2,3,9,Potential Loyalists
267,7,32,75,5,4,4,13,Champions
268,365,42,54,1,5,3,9,Potential Loyalists
269,30,21,42,3,3,2,8,Potential Loyalists
270,14,9,44,4,1,2,7,Potential Loyalists
271,365,16,52,1,2,3,6,At Risk
272,14,42,69,4,5,4,13,Champions
273,14,37,26,4,4,1,9,Potential Loyalists
274,90,32,33,1,4,1,6,At Risk
275,14,28,32,4,3,1,8,Potential Loyalists
276,7,13,85,5,2,5,12,Loyal Customers
277,14,11,30,4,2,1,7,Potential Loyalists
278,14,36,29,4,4,1,9,Potential Loyalists
279,365,23,95,1,3,5,9,Potential Loyalists
280,30,37,69,3,4,4,11,Loyal Customers
281,14,21,69,4,3,4,11,Loyal Customers
282,14,22,61,4,3,3,10,Loyal Customers
283,30,9,94,3,1,5,9,Potential Loyalists
284,365,16,30,1,2,1,4,Low Value / Churn Risk
285,90,4,45,1,1,2,4,Low Value / Churn Risk
286,14,3,39,4,1,2,7,Potential Loyalists
287,365,6,51,1,1,2,4,Low Value / Churn Risk
288,14,18,37,4,2,2,8,Potential Loyalists
289,14,34,62,4,4,3,11,Loyal Customers
290,30,26,85,3,3,5,11,Loyal Customers
291,7,50,33,5,5,1,11,Loyal Customers
292,30,40,26,3,4,1,8,Potential Loyalists
293,90,24,99,1,3,5,9,Potential Loyalists
294,365,33,39,1,4,2,7,Potential Loyalists
295,90,19,20,1,2,1,4,Low Value / Churn Risk
296,90,24,42,1,3,2,6,At Risk
297,7,19,74,5,2,4,11,Loyal Customers
298,14,4,26,4,1,1,6,At Risk
299,90,11,53,1,2,3,6,At Risk
300,14,28,80,4,3,4,11,Loyal Customers
301,7,24,98,5,3,5,13,Champions
302,90,25,95,1,3,5,9,Potential Loyalists
303,90,27,44,1,3,2,6,At Risk
304,7,49,60,5,5,3,13,Champions
305,14,45,84,4,5,4,13,Champions
306,365,26,59,1,3,3,7,Potential Loyalists
307,365,4,49,1,1,2,4,Low Value / Churn Risk
308,90,3,32,1,1,1,3,Low Value / Churn Risk
309,14,45,29,4,5,1,10,Loyal Customers
310,14,21,22,4,3,1,8,Potential Loyalists
311,14,50,85,4,5,5,14,Champions
312,30,19,52,3,2,3,8,Potential Loyalists
313,365,6,89,1,1,5,7,Potential Loyalists
314,90,50,77,1,5,4,10,Loyal Customers
315,90,17,24,1,2,1,4,Low Value / Churn Risk
316,365,24,24,1,3,1,5,At Risk
317,30,46,22,3,5,1,9,Potential Loyalists
318,90,42,82,1,5,4,10,Loyal Customers
319,365,10,67,1,1,3,5,At Risk
320,90,1,74,1,1,4,6,At Risk
321,90,28,72,1,3,4,8,Potential Loyalists
322,90,48,36,1,5,2,8,Potential Loyalists
323,30,47,95,3,5,5,13,Champions
324,14,29,78,4,3,4,11,Loyal Customers
325,90,37,82,1,4,4,9,Potential Loyalists
326,365,38,70,1,4,4,9,Potential Loyalists
327,7,48,41,5,5,2,12,Loyal Customers
328,7,36,42,5,4,2,11,Loyal Customers
329,7,9,50,5,1,2,8,Potential Loyalists
330,30,34,31,3,4,1,8,Potential Loyalists
331,14,43,51,4,5,2,11,Loyal Customers
332,90,46,98,1,5,5,11,Loyal Customers
333,30,5,86,3,1,5,9,Potential Loyalists
334,14,15,64,4,2,3,9,Potential Loyalists
335,365,30,46,1,3,2,6,At Risk
336,90,44,85,1,5,5,11,Loyal Customers
337,365,16,81,1,2,4,7,Potential Loyalists
338,365,16,59,1,2,3,6,At Risk
339,7,16,79,5,2,4,11,Loyal Customers
340,90,21,33,1,3,1,5,At Risk
341,90,39,47,1,4,2,7,Potential Loyalists
342,14,40,20,4,4,1,9,Potential Loyalists
343,90,48,36,1,5,2,8,Potential Loyalists
344,30,26,39,3,3,2,8,Potential Loyalists
345,30,46,71,3,5,4,12,Loyal Customers
346,365,27,59,1,3,3,7,Potential Loyalists
347,7,5,50,5,1,2,8,Potential Loyalists
348,14,43,41,4,5,2,11,Loyal Customers
349,14,17,59,4,2,3,9,Potential Loyalists
350,14,3,87,4,1,5,10,Loyal Customers
351,14,47,68,4,5,3,12,Loyal Customers
352,14,24,90,4,3,5,12,Loyal Customers
353,90,12,71,1,2,4,7,Potential Loyalists
354,30,35,64,3,4,3,10,Loyal Customers
355,7,42,76,5,5,4,14,Champions
356,90,1,42,1,1,2,4,Low Value / Churn Risk
357,7,27,80,5,3,4,12,Loyal Customers
358,14,16,56,4,2,3,9,Potential Loyalists
359,90,36,25,1,4,1,6,At Risk
360,90,30,74,1,3,4,8,Potential Loyalists
361,14,18,30,4,2,1,7,Potential Loyalists
362,365,45,96,1,5,5,11,Loyal Customers
363,14,1,64,4,1,3,8,Potential Loyalists
364,14,42,88,4,5,5,14,Champions
365,90,7,88,1,1,5,7,Potential Loyalists
366,90,50,88,1,5,5,11,Loyal Customers
367,14,37,36,4,4,2,10,Loyal Customers
368,30,18,40,3,2,2,7,Potential Loyalists
369,30,29,39,3,3,2,8,Potential Loyalists
370,90,45,40,1,5,2,8,Potential Loyalists
371,7,13,34,5,2,1,8,Potential Loyalists
372,30,47,83,3,5,4,12,Loyal Customers
373,7,7,85,5,1,5,11,Loyal Customers
374,14,11,27,4,2,1,7,Potential Loyalists
375,30,39,78,3,4,4,11,Loyal Customers
376,90,6,32,1,1,1,3,Low Value / Churn Risk
377,14,2,51,4,1,2,7,Potential Loyalists
378,90,39,32,1,4,1,6,At Risk
379,30,23,62,3,3,3,9,Potential Loyalists
380,14,46,29,4,5,1,10,Loyal Customers
381,7,19,69,5,2,4,11,Loyal Customers
382,90,3,25,1,1,1,3,Low Value / Churn Risk
383,90,47,76,1,5,4,10,Loyal Customers
384,90,6,77,1,1,4,6,At Risk
385,365,6,33,1,1,1,3,Low Value / Churn Risk
386,14,12,93,4,2,5,11,Loyal Customers
387,90,40,39,1,4,2,7,Potential Loyalists
388,14,38,93,4,4,5,13,Champions
389,90,10,82,1,1,4,6,At Risk
390,30,28,42,3,3,2,8,Potential Loyalists
391,365,19,71,1,2,4,7,Potential Loyalists
392,14,25,86,4,3,5,12,Loyal Customers
393,365,38,82,1,4,4,9,Potential Loyalists
394,14,6,65,4,1,3,8,Potential Loyalists
395,14,7,29,4,1,1,6,At Risk
396,365,2,65,1,1,3,5,At Risk
397,365,24,88,1,3,5,9,Potential Loyalists
398,365,26,46,1,3,2,6,At Risk
399,90,25,67,1,3,3,7,Potential Loyalists
400,30,10,35,3,1,1,5,At Risk
401,14,14,66,4,2,3,9,Potential Loyalists
402,90,21,91,1,3,5,9,Potential Loyalists
403,30,26,78,3,3,4,10,Loyal Customers
404,365,12,45,1,2,2,5,At Risk
405,30,11,93,3,2,5,10,Loyal Customers
406,365,15,74,1,2,4,7,Potential Loyalists
407,30,13,55,3,2,3,8,Potential Loyalists
408,14,5,76,4,1,4,9,Potential Loyalists
409,14,36,66,4,4,3,11,Loyal Customers
410,30,32,51,3,4,2,9,Potential Loyalists
411,90,1,26,1,1,1,3,Low Value / Churn Risk
412,365,15,29,1,2,1,4,Low Value / Churn Risk
413,7,3,74,5,1,4,10,Loyal Customers
414,30,48,99,3,5,5,13,Champions
415,7,30,88,5,3,5,13,Champions
416,30,40,31,3,4,1,8,Potential Loyalists
417,14,24,55,4,3,3,10,Loyal Customers
418,90,48,81,1,5,4,10,Loyal Customers
419,14,27,73,4,3,4,11,Loyal Customers
420,90,14,91,1,2,5,8,Potential Loyalists
421,14,18,54,4,2,3,9,Potential Loyalists
422,14,48,40,4,5,2,11,Loyal Customers
423,365,32,59,1,4,3,8,Potential Loyalists
424,14,21,26,4,3,1,8,Potential Loyalists
425,14,42,23,4,5,1,10,Loyal Customers
426,90,4,87,1,1,5,7,Potential Loyalists
427,90,19,71,1,2,4,7,Potential Loyalists
428,90,6,91,1,1,5,7,Potential Loyalists
429,14,2,64,4,1,3,8,Potential Loyalists
430,14,21,94,4,3,5,12,Loyal Customers
431,365,40,40,1,4,2,7,Potential Loyalists
432,14,33,76,4,4,4,12,Loyal Customers
433,7,26,86,5,3,5,13,Champions
434,14,23,92,4,3,5,12,Loyal Customers
435,90,39,52,1,4,3,8,Potential Loyalists
436,30,42,28,3,5,1,9,Potential Loyalists
437,7,41,46,5,5,2,12,Loyal Customers
438,365,41,50,1,5,2,8,Potential Loyalists
439,14,12,23,4,2,1,7,Potential Loyalists
440,30,31,50,3,4,2,9,Potential Loyalists
441,14,34,89,4,4,5,13,Champions
442,365,32,81,1,4,4,9,Potential Loyalists
443,90,31,69,1,4,4,9,Potential Loyalists
444,365,24,67,1,3,3,7,Potential Loyalists
445,365,31,20,1,4,1,6,At Risk
446,365,18,29,1,2,1,4,Low Value / Churn Risk
447,30,15,74,3,2,4,9,Potential Loyalists
448,90,7,82,1,1,4,6,At Risk
449,14,35,23,4,4,1,9,Potential Loyalists
450,30,35,45,3,4,2,9,Potential Loyalists
451,30,19,21,3,2,1,6,At Risk
452,14,26,31,4,3,1,8,Potential Loyalists
453,14,39,45,4,4,2,10,Loyal Customers
454,7,22,56,5,3,3,11,Loyal Customers
455,14,14,97,4,2,5,11,Loyal Customers
456,14,50,100,4,5,5,14,Champions
457,90,33,96,1,4,5,10,Loyal Customers
458,90,48,99,1,5,5,11,Loyal Customers
459,30,48,91,3,5,5,13,Champions
460,14,27,30,4,3,1,8,Potential Loyalists
461,7,27,65,5,3,3,11,Loyal Customers
462,7,20,93,5,2,5,12,Loyal Customers
463,90,48,81,1,5,4,10,Loyal Customers
464,7,29,81,5,3,4,12,Loyal Customers
465,30,45,52,3,5,3,11,Loyal Customers
466,90,25,88,1,3,5,9,Potential Loyalists
467,7,25,24,5,3,1,9,Potential Loyalists
468,90,37,51,1,4,2,7,Potential Loyalists
469,90,16,38,1,2,2,5,At Risk
470,14,30,46,4,3,2,9,Potential Loyalists
471,90,6,63,1,1,3,5,At Risk
472,90,36,72,1,4,4,9,Potential Loyalists
473,90,3,39,1,1,2,4,Low Value / Churn Risk
474,90,29,42,1,3,2,6,At Risk
475,90,15,76,1,2,4,7,Potential Loyalists
476,365,18,66,1,2,3,6,At Risk
477,14,2,90,4,1,5,10,Loyal Customers
478,7,49,56,5,5,3,13,Champions
479,365,48,43,1,5,2,8,Potential Loyalists
480,30,43,84,3,5,4,12,Loyal Customers
481,14,30,88,4,3,5,12,Loyal Customers
482,14,10,88,4,1,5,10,Loyal Customers
483,365,11,42,1,2,2,5,At Risk
484,7,12,73,5,2,4,11,Loyal Customers
485,90,28,73,1,3,4,8,Potential Loyalists
486,14,36,44,4,4,2,10,Loyal Customers
487,90,37,63,1,4,3,8,Potential Loyalists
488,90,22,68,1,3,3,7,Potential Loyalists
489,7,32,29,5,4,1,10,Loyal Customers
490,365,40,85,1,4,5,10,Loyal Customers
491,30,47,42,3,5,2,10,Loyal Customers
492,14,24,69,4,3,4,11,Loyal Customers
493,7,11,62,5,2,3,10,Loyal Customers
494,14,19,48,4,2,2,8,Potential Loyalists
495,7,42,68,5,5,3,13,Champions
496,14,6,36,4,1,2,7,Potential Loyalists
497,14,31,63,4,4,3,11,Loyal Customers
498,7,31,39,5,4,2,11,Loyal Customers
499,30,27,78,3,3,4,10,Loyal Customers
500,30,24,99,3,3,5,11,Loyal Customers
501,90,35,31,1,4,1,6,At Risk
502,365,21,45,1,3,2,6,At Risk
503,14,8,30,4,1,1,6,At Risk
504,90,26,24,1,3,1,5,At Risk
505,365,26,22,1,3,1,5,At Risk
506,14,9,63,4,1,3,8,Potential Loyalists
507,365,48,40,1,5,2,8,Potential Loyalists
508,14,33,20,4,4,1,9,Potential Loyalists
509,90,31,20,1,4,1,6,At Risk
510,7,17,80,5,2,4,11,Loyal Customers
511,365,22,87,1,3,5,9,Potential Loyalists
512,365,8,46,1,1,2,4,Low Value / Churn Risk
513,30,2,49,3,1,2,6,At Risk
514,365,45,65,1,5,3,9,Potential Loyalists
515,90,47,62,1,5,3,9,Potential Loyalists
516,30,7,67,3,1,3,7,Potential Loyalists
517,14,19,41,4,2,2,8,Potential Loyalists
518,90,44,49,1,5,2,8,Potential Loyalists
519,90,16,100,1,2,5,8,Potential Loyalists
520,90,17,54,1,2,3,6,At Risk
521,90,20,84,1,2,4,7,Potential Loyalists
522,365,50,41,1,5,2,8,Potential Loyalists
523,90,37,88,1,4,5,10,Loyal Customers
524,90,5,40,1,1,2,4,Low Value / Churn Risk
525,365,44,39,1,5,2,8,Potential Loyalists
526,30,41,37,3,5,2,10,Loyal Customers
527,30,19,52,3,2,3,8,Potential Loyalists
528,90,47,23,1,5,1,7,Potential Loyalists
529,365,40,88,1,4,5,10,Loyal Customers
530,30,6,84,3,1,4,8,Potential Loyalists
531,14,25,37,4,3,2,9,Potential Loyalists
532,7,42,51,5,5,2,12,Loyal Customers
533,90,35,76,1,4,4,9,Potential Loyalists
534,7,17,60,5,2,3,10,Loyal Customers
535,90,4,72,1,1,4,6,At Risk
536,7,24,45,5,3,2,10,Loyal Customers
537,90,16,84,1,2,4,7,Potential Loyalists
538,365,14,49,1,2,2,5,At Risk
539,7,43,22,5,5,1,11,Loyal Customers
540,7,49,48,5,5,2,12,Loyal Customers
541,90,33,37,1,4,2,7,Potential Loyalists
542,14,45,27,4,5,1,10,Loyal Customers
543,14,35,79,4,4,4,12,Loyal Customers
544,30,11,98,3,2,5,10,Loyal Customers
545,90,30,64,1,3,3,7,Potential Loyalists
546,365,48,32,1,5,1,7,Potential Loyalists
547,14,45,74,4,5,4,13,Champions
548,7,26,50,5,3,2,10,Loyal Customers
549,90,41,64,1,5,3,9,Potential Loyalists
550,14,37,29,4,4,1,9,Potential Loyalists
551,7,12,62,5,2,3,10,Loyal Customers
552,14,27,78,4,3,4,11,Loyal Customers
553,7,18,94,5,2,5,12,Loyal Customers
554,90,15,59,1,2,3,6,At Risk
555,7,34,47,5,4,2,11,Loyal Customers
556,365,37,57,1,4,3,8,Potential Loyalists
557,14,21,90,4,3,5,12,Loyal Customers
558,7,31,60,5,4,3,12,Loyal Customers
559,90,43,77,1,5,4,10,Loyal Customers
560,30,22,41,3,3,2,8,Potential Loyalists
561,365,12,48,1,2,2,5,At Risk
562,14,25,65,4,3,3,10,Loyal Customers
563,365,40,62,1,4,3,8,Potential Loyalists
564,90,16,99,1,2,5,8,Potential Loyalists
565,7,30,58,5,3,3,11,Loyal Customers
566,7,10,43,5,1,2,8,Potential Loyalists
567,14,1,93,4,1,5,10,Loyal Customers
568,14,24,50,4,3,2,9,Potential Loyalists
569,30,36,88,3,4,5,12,Loyal Customers
570,90,46,33,1,5,1,7,Potential Loyalists
571,365,20,99,1,2,5,8,Potential Loyalists
572,7,37,76,5,4,4,13,Champions
573,365,26,97,1,3,5,9,Potential Loyalists
574,14,23,68,4,3,3,10,Loyal Customers
575,14,20,79,4,2,4,10,Loyal Customers
576,30,38,86,3,4,5,12,Loyal Customers
577,90,5,68,1,1,3,5,At Risk
578,365,41,52,1,5,3,9,Potential Loyalists
579,14,22,90,4,3,5,12,Loyal Customers
580,365,48,41,1,5,2,8,Potential Loyalists
581,7,10,80,5,1,4,10,Loyal Customers
582,90,12,100,1,2,5,8,Potential Loyalists
583,90,2,77,1,1,4,6,At Risk
584,30,38,78,3,4,4,11,Loyal Customers
585,30,20,94,3,2,5,10,Loyal Customers
586,90,5,23,1,1,1,3,Low Value / Churn Risk
587,365,9,20,1,1,1,3,Low Value / Churn Risk
588,90,48,86,1,5,5,11,Loyal Customers
589,90,9,60,1,1,3,5,At Risk
590,365,40,70,1,4,4,9,Potential Loyalists
591,14,30,39,4,3,2,9,Potential Loyalists
592,14,6,37,4,1,2,7,Potential Loyalists
593,90,42,29,1,5,1,7,Potential Loyalists
594,90,9,35,1,1,1,3,Low Value / Churn Risk
595,30,6,83,3,1,4,8,Potential Loyalists
596,90,47,77,1,5,4,10,Loyal Customers
597,365,36,37,1,4,2,7,Potential Loyalists
598,14,19,69,4,2,4,10,Loyal Customers
599,90,30,66,1,3,3,7,Potential Loyalists
600,90,27,26,1,3,1,5,At Risk
601,30,25,63,3,3,3,9,Potential Loyalists
602,14,5,38,4,1,2,7,Potential Loyalists
603,90,10,58,1,1,3,5,At Risk
604,90,26,46,1,3,2,6,At Risk
605,90,11,92,1,2,5,8,Potential Loyalists
606,7,17,32,5,2,1,8,Potential Loyalists
607,30,44,90,3,5,5,13,Champions
608,30,44,23,3,5,1,9,Potential Loyalists
609,90,21,25,1,3,1,5,At Risk
610,14,49,54,4,5,3,12,Loyal Customers
611,90,27,72,1,3,4,8,Potential Loyalists
612,30,19,33,3,2,1,6,At Risk
613,90,33,43,1,4,2,7,Potential Loyalists
614,14,46,51,4,5,2,11,Loyal Customers
615,14,21,85,4,3,5,12,Loyal Customers
616,365,23,100,1,3,5,9,Potential Loyalists
617,90,38,72,1,4,4,9,Potential Loyalists
618,90,2,57,1,1,3,5,At Risk
619,14,21,94,4,3,5,12,Loyal Customers
620,90,1,34,1,1,1,3,Low Value / Churn Risk
621,90,10,89,1,1,5,7,Potential Loyalists
622,7,45,27,5,5,1,11,Loyal Customers
623,14,44,63,4,5,3,12,Loyal Customers
624,14,48,70,4,5,4,13,Champions
625,365,21,87,1,3,5,9,Potential Loyalists
626,7,1,79,5,1,4,10,Loyal Customers
627,365,10,79,1,1,4,6,At Risk
628,30,24,44,3,3,2,8,Potential Loyalists
629,30,29,85,3,3,5,11,Loyal Customers
630,365,11,90,1,2,5,8,Potential Loyalists
631,365,33,94,1,4,5,10,Loyal Customers
632,14,27,68,4,3,3,10,Loyal Customers
633,14,19,51,4,2,2,8,Potential Loyalists
634,90,50,33,1,5,1,7,Potential Loyalists
635,7,46,60,5,5,3,13,Champions
636,90,28,59,1,3,3,7,Potential Loyalists
637,90,14,30,1,2,1,4,Low Value / Churn Risk
638,14,46,20,4,5,1,10,Loyal Customers
639,30,41,20,3,5,1,9,Potential Loyalists
640,365,50,24,1,5,1,7,Potential Loyalists
641,14,28,88,4,3,5,12,Loyal Customers
642,90,23,78,1,3,4,8,Potential Loyalists
643,14,14,25,4,2,1,7,Potential Loyalists
644,90,10,57,1,1,3,5,At Risk
645,7,37,93,5,4,5,14,Champions
646,14,15,42,4,2,2,8,Potential Loyalists
647,14,19,54,4,2,3,9,Potential Loyalists
648,14,23,70,4,3,4,11,Loyal Customers
649,7,35,31,5,4,1,10,Loyal Customers
650,90,33,93,1,4,5,10,Loyal Customers
651,365,12,40,1,2,2,5,At Risk
652,14,41,32,4,5,1,10,Loyal Customers
653,7,27,27,5,3,1,9,Potential Loyalists
654,14,45,68,4,5,3,12,Loyal Customers
655,365,23,59,1,3,3,7,Potential Loyalists
656,30,19,36,3,2,2,7,Potential Loyalists
657,90,6,23,1,1,1,3,Low Value / Churn Risk
658,90,6,80,1,1,4,6,At Risk
659,7,20,37,5,2,2,9,Potential Loyalists
660,7,8,52,5,1,3,9,Potential Loyalists
661,90,39,79,1,4,4,9,Potential Loyalists
662,90,39,68,1,4,3,8,Potential Loyalists
663,14,39,98,4,4,5,13,Champions
664,30,23,83,3,3,4,10,Loyal Customers
665,14,41,83,4,5,4,13,Champions
666,365,50,55,1,5,3,9,Potential Loyalists
667,90,30,26,1,3,1,5,At Risk
668,90,32,76,1,4,4,9,Potential Loyalists
669,30,35,85,3,4,5,12,Loyal Customers
670,14,45,89,4,5,5,14,Champions
671,14,37,41,4,4,2,10,Loyal Customers
672,7,45,30,5,5,1,11,Loyal Customers
673,90,29,53,1,3,3,7,Potential Loyalists
674,14,27,66,4,3,3,10,Loyal Customers
675,365,36,33,1,4,1,6,At Risk
676,365,9,86,1,1,5,7,Potential Loyalists
677,14,38,60,4,4,3,11,Loyal Customers
678,365,41,62,1,5,3,9,Potential Loyalists
679,90,25,74,1,3,4,8,Potential Loyalists
680,14,37,95,4,4,5,13,Champions
681,365,3,25,1,1,1,3,Low Value / Churn Risk
682,90,24,59,1,3,3,7,Potential Loyalists
683,14,49,29,4,5,1,10,Loyal Customers
684,30,3,36,3,1,2,6,At Risk
685,30,42,82,3,5,4,12,Loyal Customers
686,14,32,71,4,4,4,12,Loyal Customers
687,14,33,35,4,4,1,9,Potential Loyalists
688,90,46,38,1,5,2,8,Potential Loyalists
689,30,44,59,3,5,3,11,Loyal Customers
690,90,35,91,1,4,5,10,Loyal Customers
691,7,45,68,5,5,3,13,Champions
692,14,37,21,4,4,1,9,Potential Loyalists
693,90,40,95,1,4,5,10,Loyal Customers
694,90,30,52,1,3,3,7,Potential Loyalists
695,90,38,21,1,4,1,6,At Risk
696,90,15,67,1,2,3,6,At Risk
697,30,49,42,3,5,2,10,Loyal Customers
698,90,40,63,1,4,3,8,Potential Loyalists
699,7,40,41,5,4,2,11,Loyal Customers
700,7,5,46,5,1,2,8,Potential Loyalists
701,30,5,79,3,1,4,8,Potential Loyalists
702,90,5,90,1,1,5,7,Potential Loyalists
703,7,1,71,5,1,4,10,Loyal Customers
704,7,21,87,5,3,5,13,Champions
705,365,18,66,1,2,3,6,At Risk
706,90,49,90,1,5,5,11,Loyal Customers
707,7,27,47,5,3,2,10,Loyal Customers
708,365,21,38,1,3,2,6,At Risk
709,14,19,50,4,2,2,8,Potential Loyalists
710,30,23,79,3,3,4,10,Loyal Customers
711,14,26,91,4,3,5,12,Loyal Customers
712,14,13,60,4,2,3,9,Potential Loyalists
713,90,36,81,1,4,4,9,Potential Loyalists
714,14,39,90,4,4,5,13,Champions
715,14,40,70,4,4,4,12,Loyal Customers
716,90,37,63,1,4,3,8,Potential Loyalists
717,14,9,29,4,1,1,6,At Risk
718,90,7,90,1,1,5,7,Potential Loyalists
719,365,25,22,1,3,1,5,At Risk
720,14,42,22,4,5,1,10,Loyal Customers
721,7,19,62,5,2,3,10,Loyal Customers
722,90,41,57,1,5,3,9,Potential Loyalists
723,14,50,32,4,5,1,10,Loyal Customers
724,30,43,53,3,5,3,11,Loyal Customers
725,90,36,79,1,4,4,9,Potential Loyalists
726,14,33,61,4,4,3,11,Loyal Customers
727,90,20,78,1,2,4,7,Potential Loyalists
728,90,37,97,1,4,5,10,Loyal Customers
729,90,12,78,1,2,4,7,Potential Loyalists
730,90,46,56,1,5,3,9,Potential Loyalists
731,14,28,25,4,3,1,8,Potential Loyalists
732,14,30,28,4,3,1,8,Potential Loyalists
733,14,28,57,4,3,3,10,Loyal Customers
734,14,20,36,4,2,2,8,Potential Loyalists
735,90,39,69,1,4,4,9,Potential Loyalists
736,14,48,48,4,5,2,11,Loyal Customers
737,90,32,58,1,4,3,8,Potential Loyalists
738,365,28,24,1,3,1,5,At Risk
739,90,27,31,1,3,1,5,At Risk
740,14,26,29,4,3,1,8,Potential Loyalists
741,14,22,69,4,3,4,11,Loyal Customers
742,90,23,79,1,3,4,8,Potential Loyalists
743,90,21,39,1,3,2,6,At Risk
744,7,36,84,5,4,4,13,Champions
745,14,42,66,4,5,3,12,Loyal Customers
746,30,4,92,3,1,5,9,Potential Loyalists
747,365,47,45,1,5,2,8,Potential Loyalists
748,7,13,74,5,2,4,11,Loyal Customers
749,90,8,39,1,1,2,4,Low Value / Churn Risk
750,90,11,71,1,2,4,7,Potential Loyalists
751,365,5,95,1,1,5,7,Potential Loyalists
752,30,1,72,3,1,4,8,Potential Loyalists
753,90,17,85,1,2,5,8,Potential Loyalists
754,90,27,54,1,3,3,7,Potential Loyalists
755,90,3,41,2,1,2,5,At Risk
756,7,22,24,5,3,1,9,Potential Loyalists
757,14,24,99,4,3,5,12,Loyal Customers
758,90,18,32,2,2,1,5,At Risk
759,90,39,71,2,4,4,10,Loyal Customers
760,14,25,49,4,3,2,9,Potential Loyalists
761,365,6,50,1,1,2,4,Low Value / Churn Risk
762,7,26,91,5,3,5,13,Champions
763,14,43,46,4,5,2,11,Loyal Customers
764,30,6,50,3,1,2,6,At Risk
765,90,6,39,2,1,2,5,At Risk
766,90,13,99,2,2,5,9,Potential Loyalists
767,30,13,48,3,2,2,7,Potential Loyalists
768,365,11,77,1,2,4,7,Potential Loyalists
769,7,45,95,5,5,5,15,Champions
770,30,8,100,3,1,5,9,Potential Loyalists
771,365,8,54,1,1,3,5,At Risk
772,14,34,68,4,4,3,11,Loyal Customers
773,14,40,22,4,4,1,9,Potential Loyalists
774,14,14,84,4,2,4,10,Loyal Customers
775,90,11,46,2,2,2,6,At Risk
776,30,8,53,3,1,3,7,Potential Loyalists
777,90,8,60,2,1,3,6,At Risk
778,7,37,32,5,4,1,10,Loyal Customers
779,365,23,50,1,3,2,6,At Risk
780,365,38,94,1,4,5,10,Loyal Customers
781,90,38,26,2,4,1,7,Potential Loyalists
782,14,12,44,4,2,2,8,Potential Loyalists
783,7,15,57,5,2,3,10,Loyal Customers
784,14,38,65,4,4,3,11,Loyal Customers
785,90,41,72,2,5,4,11,Loyal Customers
786,14,37,62,4,4,3,11,Loyal Customers
787,90,16,21,2,2,1,5,At Risk
788,7,25,85,5,3,5,13,Champions
789,90,18,51,2,2,2,6,At Risk
790,14,4,84,4,1,4,9,Potential Loyalists
791,90,12,37,2,2,2,6,At Risk
792,14,35,44,4,4,2,10,Loyal Customers
793,7,45,45,5,5,2,12,Loyal Customers
794,30,16,35,3,2,1,6,At Risk
795,14,10,50,4,1,2,7,Potential Loyalists
796,365,34,26,1,4,1,6,At Risk
797,365,43,78,1,5,4,10,Loyal Customers
798,7,38,82,5,4,4,13,Champions
799,90,48,39,2,5,2,9,Potential Loyalists
800,365,31,55,1,4,3,8,Potential Loyalists
801,90,20,20,2,2,1,5,At Risk
802,14,12,29,4,2,1,7,Potential Loyalists
803,7,2,41,5,1,2,8,Potential Loyalists
804,90,30,38,2,3,2,7,Potential Loyalists
805,90,28,47,2,3,2,7,Potential Loyalists
806,30,40,30,3,4,1,8,Potential Loyalists
807,90,46,56,2,5,3,10,Loyal Customers
808,7,15,89,5,2,5,12,Loyal Customers
809,90,38,96,2,4,5,11,Loyal Customers
810,14,30,81,4,3,4,11,Loyal Customers
811,14,32,83,4,4,4,12,Loyal Customers
812,90,36,35,2,4,1,7,Potential Loyalists
813,7,32,56,5,4,3,12,Loyal Customers
814,365,14,45,1,2,2,5,At Risk
815,30,8,62,3,1,3,7,Potential Loyalists
816,14,27,84,4,3,4,11,Loyal Customers
817,30,24,24,3,3,1,7,Potential Loyalists
818,14,30,21,4,3,1,8,Potential Loyalists
819,30,34,91,3,4,5,12,Loyal Customers
820,90,28,36,2,3,2,7,Potential Loyalists
821,30,27,39,3,3,2,8,Potential Loyalists
822,14,31,39,4,4,2,10,Loyal Customers
823,365,23,59,1,3,3,7,Potential Loyalists
824,90,11,27,2,2,1,5,At Risk
825,90,48,94,2,5,5,12,Loyal Customers
826,30,17,94,3,2,5,10,Loyal Customers
827,7,36,94,5,4,5,14,Champions
828,14,33,51,4,4,2,10,Loyal Customers
829,14,27,62,4,3,3,10,Loyal Customers
830,14,14,57,4,2,3,9,Potential Loyalists
831,365,5,76,1,1,4,6,At Risk
832,90,47,63,2,5,3,10,Loyal Customers
833,14,28,80,4,3,4,11,Loyal Customers
834,365,11,68,1,2,3,6,At Risk
835,7,18,89,5,2,5,12,Loyal Customers
836,7,21,26,5,3,1,9,Potential Loyalists
837,14,22,90,4,3,5,12,Loyal Customers
838,90,33,28,2,4,1,7,Potential Loyalists
839,365,49,29,1,5,1,7,Potential Loyalists
840,90,10,31,2,1,1,4,Low Value / Churn Risk
841,7,18,24,5,2,1,8,Potential Loyalists
842,14,28,88,4,3,5,12,Loyal Customers
843,7,25,87,5,3,5,13,Champions
844,7,6,80,5,1,4,10,Loyal Customers
845,14,44,48,4,5,2,11,Loyal Customers
846,30,30,21,3,3,1,7,Potential Loyalists
847,90,42,72,2,5,4,11,Loyal Customers
848,30,30,44,3,3,2,8,Potential Loyalists
849,14,33,73,4,4,4,12,Loyal Customers
850,90,24,61,2,3,3,8,Potential Loyalists
851,30,13,20,3,2,1,6,At Risk
852,30,19,86,3,2,5,10,Loyal Customers
853,90,23,60,2,3,3,8,Potential Loyalists
854,30,35,43,3,4,2,9,Potential Loyalists
855,30,22,44,3,3,2,8,Potential Loyalists
856,90,14,76,2,2,4,8,Potential Loyalists
857,14,47,33,4,5,1,10,Loyal Customers
858,90,50,60,2,5,3,10,Loyal Customers
859,7,33,26,5,4,1,10,Loyal Customers
860,30,7,73,3,1,4,8,Potential Loyalists
861,30,3,87,3,1,5,9,Potential Loyalists
862,90,35,100,2,4,5,11,Loyal Customers
863,14,13,84,4,2,4,10,Loyal Customers
864,14,42,41,4,5,2,11,Loyal Customers
865,365,5,59,1,1,3,5,At Risk
866,365,23,26,1,3,1,5,At Risk
867,14,11,69,4,2,4,10,Loyal Customers
868,14,23,20,4,3,1,8,Potential Loyalists
869,90,2,83,2,1,4,7,Potential Loyalists
870,7,33,54,5,4,3,12,Loyal Customers
871,14,6,66,4,1,3,8,Potential Loyalists
872,90,45,42,2,5,2,9,Potential Loyalists
873,90,25,33,2,3,1,6,At Risk
874,90,24,77,2,3,4,9,Potential Loyalists
875,90,10,65,2,1,3,6,At Risk
876,90,7,39,2,1,2,5,At Risk
877,7,1,51,5,1,2,8,Potential Loyalists
878,90,45,65,2,5,3,10,Loyal Customers
879,7,37,89,5,4,5,14,Champions
880,90,14,76,2,2,4,8,Potential Loyalists
881,30,25,75,3,3,4,10,Loyal Customers
882,365,18,61,1,2,3,6,At Risk
883,90,37,35,2,4,1,7,Potential Loyalists
884,30,30,37,3,3,2,8,Potential Loyalists
885,7,34,91,5,4,5,14,Champions
886,90,49,99,2,5,5,12,Loyal Customers
887,30,48,54,3,5,3,11,Loyal Customers
888,14,33,47,4,4,2,10,Loyal Customers
889,365,44,77,1,5,4,10,Loyal Customers
890,7,50,84,5,5,4,14,Champions
891,30,47,51,3,5,2,10,Loyal Customers
892,90,24,26,2,3,1,6,At Risk
893,30,43,64,3,5,3,11,Loyal Customers
894,30,14,51,3,2,2,7,Potential Loyalists
895,90,3,60,2,1,3,6,At Risk
896,90,33,69,2,4,4,10,Loyal Customers
897,14,38,29,4,4,1,9,Potential Loyalists
898,7,46,91,5,5,5,15,Champions
899,90,19,70,2,2,4,8,Potential Loyalists
900,365,20,58,1,2,3,6,At Risk
901,90,42,98,2,5,5,12,Loyal Customers
902,30,34,68,3,4,3,10,Loyal Customers
903,30,5,44,3,1,2,6,At Risk
904,90,3,45,2,1,2,5,At Risk
905,90,46,99,2,5,5,12,Loyal Customers
906,365,16,68,1,2,3,6,At Risk
907,14,21,56,4,3,3,10,Loyal Customers
908,14,34,43,4,4,2,10,Loyal Customers
909,90,9,99,2,1,5,8,Potential Loyalists
910,7,36,56,5,4,3,12,Loyal Customers
911,30,22,25,3,3,1,7,Potential Loyalists
912,90,2,74,2,1,4,7,Potential Loyalists
913,30,32,56,3,4,3,10,Loyal Customers
914,90,29,47,2,3,2,7,Potential Loyalists
915,90,27,67,2,3,3,8,Potential Loyalists
916,14,33,22,4,4,1,9,Potential Loyalists
917,30,16,34,3,2,1,6,At Risk
918,90,11,64,2,2,3,7,Potential Loyalists
919,14,11,42,4,2,2,8,Potential Loyalists
920,14,17,82,4,2,4,10,Loyal Customers
921,7,37,81,5,4,4,13,Champions
922,7,18,24,5,2,1,8,Potential Loyalists
923,30,13,60,3,2,3,8,Potential Loyalists
924,7,7,24,5,1,1,7,Potential Loyalists
925,90,37,78,2,4,4,10,Loyal Customers
926,30,8,88,3,1,5,9,Potential Loyalists
927,14,11,63,4,2,3,9,Potential Loyalists
928,14,8,78,4,1,4,9,Potential Loyalists
929,90,31,37,2,4,2,8,Potential Loyalists
930,14,26,94,4,3,5,12,Loyal Customers
931,14,20,78,4,2,4,10,Loyal Customers
932,14,24,36,4,3,2,9,Potential Loyalists
933,14,45,24,4,5,1,10,Loyal Customers
934,30,33,84,3,4,4,11,Loyal Customers
935,30,21,47,3,3,2,8,Potential Loyalists
936,14,2,51,4,1,2,7,Potential Loyalists
937,7,28,84,5,3,4,12,Loyal Customers
938,90,18,24,2,2,1,5,At Risk
939,14,21,97,4,3,5,12,Loyal Customers
940,30,24,89,3,3,5,11,Loyal Customers
941,90,15,44,2,2,2,6,At Risk
942,90,38,35,2,4,1,7,Potential Loyalists
943,14,38,91,4,4,5,13,Champions
944,14,13,63,4,2,3,9,Potential Loyalists
945,14,39,97,4,4,5,13,Champions
946,90,8,38,2,1,2,5,At Risk
947,90,4,24,2,1,1,4,Low Value / Churn Risk
948,90,6,32,2,1,1,4,Low Value / Churn Risk
949,90,11,90,2,2,5,9,Potential Loyalists
950,30,49,36,3,5,2,10,Loyal Customers
951,90,30,37,2,3,2,7,Potential Loyalists
952,30,34,51,3,4,2,9,Potential Loyalists
953,30,28,71,3,3,4,10,Loyal Customers
954,90,36,50,2,4,2,8,Potential Loyalists
955,90,18,74,2,2,4,8,Potential Loyalists
956,30,4,75,3,1,4,8,Potential Loyalists
957,90,42,99,2,5,5,12,Loyal Customers
958,90,11,23,2,2,1,5,At Risk
959,14,31,53,4,4,3,11,Loyal Customers
960,14,12,99,4,2,5,11,Loyal Customers
961,90,20,48,2,2,2,6,At Risk
962,90,37,72,2,4,4,10,Loyal Customers
963,14,26,64,4,3,3,10,Loyal Customers
964,7,14,63,5,2,3,10,Loyal Customers
965,14,12,51,4,2,2,8,Potential Loyalists
966,365,10,55,1,1,3,5,At Risk
967,365,19,55,1,2,3,6,At Risk
968,7,4,26,5,1,1,7,Potential Loyalists
969,90,48,67,2,5,3,10,Loyal Customers
970,30,37,31,3,4,1,8,Potential Loyalists
971,30,4,66,3,1,3,7,Potential Loyalists
972,7,15,67,5,2,3,10,Loyal Customers
973,7,33,61,5,4,3,12,Loyal Customers
974,90,30,75,2,3,4,9,Potential Loyalists
975,30,23,90,3,3,5,11,Loyal Customers
976,7,2,40,5,1,2,8,Potential Loyalists
977,90,50,90,2,5,5,12,Loyal Customers
978,14,34,20,4,4,1,9,Potential Loyalists
979,7,33,40,5,4,2,11,Loyal Customers
980,30,34,33,3,4,1,8,Potential Loyalists
981,90,39,98,2,4,5,11,Loyal Customers
982,90,47,42,2,5,2,9,Potential Loyalists
983,30,37,62,3,4,3,10,Loyal Customers
984,14,40,45,4,4,2,10,Loyal Customers
985,14,8,78,4,1,4,9,Potential Loyalists
986,365,12,80,1,2,4,7,Potential Loyalists
987,30,36,96,3,4,5,12,Loyal Customers
988,7,48,47,5,5,2,12,Loyal Customers
989,14,47,84,4,5,4,13,Champions
990,30,2,31,3,1,1,5,At Risk
991,7,24,63,5,3,3,11,Loyal Customers
992,14,40,97,4,4,5,13,Champions
993,7,50,99,5,5,5,15,Champions
994,7,25,90,5,3,5,13,Champions
995,30,20,68,3,2,3,8,Potential Loyalists
996,7,10,80,5,1,4,10,Loyal Customers
997,90,32,91,2,4,5,11,Loyal Customers
998,14,31,30,4,4,1,9,Potential Loyalists
999,14,48,90,4,5,5,14,Champions
1000,30,23,28,3,3,1,7,Potential Loyalists
1001,14,1,46,4,1,2,7,Potential Loyalists
1002,14,4,60,4,1,3,8,Potential Loyalists
1003,14,3,59,4,1,3,8,Potential Loyalists
1004,14,3,68,4,1,3,8,Potential Loyalists
1005,365,44,79,1,5,4,10,Loyal Customers
1006,14,5,94,4,1,5,10,Loyal Customers
1007,90,50,83,2,5,4,11,Loyal Customers
1008,365,2,62,1,1,3,5,At Risk
1009,365,29,85,1,3,5,9,Potential Loyalists
1010,365,11,30,1,2,1,4,Low Value / Churn Risk
1011,14,37,24,4,4,1,9,Potential Loyalists
1012,14,32,25,4,4,1,9,Potential Loyalists
1013,365,27,37,1,3,2,6,At Risk
1014,14,31,69,4,4,4,12,Loyal Customers
1015,14,36,97,4,4,5,13,Champions
1016,7,34,24,5,4,1,10,Loyal Customers
1017,90,15,30,2,2,1,5,At Risk
1018,365,14,53,1,2,3,6,At Risk
1019,7,46,70,5,5,4,14,Champions
1020,14,33,76,4,4,4,12,Loyal Customers
1021,365,41,95,1,5,5,11,Loyal Customers
1022,7,39,51,5,4,2,11,Loyal Customers
1023,365,7,41,1,1,2,4,Low Value / Churn Risk
1024,90,29,71,2,3,4,9,Potential Loyalists
1025,90,18,66,2,2,3,7,Potential Loyalists
1026,365,15,84,1,2,4,7,Potential Loyalists
1027,14,39,95,4,4,5,13,Champions
1028,30,11,90,3,2,5,10,Loyal Customers
1029,14,4,36,4,1,2,7,Potential Loyalists
1030,14,33,22,4,4,1,9,Potential Loyalists
1031,90,37,89,2,4,5,11,Loyal Customers
1032,90,32,50,2,4,2,8,Potential Loyalists
1033,90,44,36,2,5,2,9,Potential Loyalists
1034,90,41,52,2,5,3,10,Loyal Customers
1035,7,44,29,5,5,1,11,Loyal Customers
1036,365,32,89,1,4,5,10,Loyal Customers
1037,30,13,47,3,2,2,7,Potential Loyalists
1038,90,48,25,2,5,1,8,Potential Loyalists
1039,7,3,74,5,1,4,10,Loyal Customers
1040,30,39,46,3,4,2,9,Potential Loyalists
1041,14,7,22,4,1,1,6,At Risk
1042,14,11,25,4,2,1,7,Potential Loyalists
1043,7,47,80,5,5,4,14,Champions
1044,14,28,76,4,3,4,11,Loyal Customers
1045,90,17,30,2,2,1,5,At Risk
1046,14,11,79,4,2,4,10,Loyal Customers
1047,365,12,22,1,2,1,4,Low Value / Churn Risk
1048,14,7,36,4,1,2,7,Potential Loyalists
1049,14,19,77,4,2,4,10,Loyal Customers
1050,90,24,33,2,3,1,6,At Risk
1051,30,19,64,3,2,3,8,Potential Loyalists
1052,365,39,53,1,4,3,8,Potential Loyalists
1053,14,1,36,4,1,2,7,Potential Loyalists
1054,14,10,70,4,1,4,9,Potential Loyalists
1055,90,48,96,2,5,5,12,Loyal Customers
1056,365,24,27,1,3,1,5,At Risk
1057,14,42,64,4,5,3,12,Loyal Customers
1058,7,20,23,5,2,1,8,Potential Loyalists
1059,90,49,33,2,5,1,8,Potential Loyalists
1060,30,25,34,3,3,1,7,Potential Loyalists
1061,90,21,35,2,3,1,6,At Risk
1062,90,12,62,2,2,3,7,Potential Loyalists
1063,90,21,75,2,3,4,9,Potential Loyalists
1064,30,35,29,3,4,1,8,Potential Loyalists
1065,90,42,28,2,5,1,8,Potential Loyalists
1066,90,3,20,2,1,1,4,Low Value / Churn Risk
1067,14,11,96,4,2,5,11,Loyal Customers
1068,90,22,43,2,3,2,7,Potential Loyalists
1069,7,47,94,5,5,5,15,Champions
1070,90,33,81,2,4,4,10,Loyal Customers
1071,7,50,75,5,5,4,14,Champions
1072,30,46,81,3,5,4,12,Loyal Customers
1073,14,34,92,4,4,5,13,Champions
1074,30,33,96,3,4,5,12,Loyal Customers
1075,14,45,71,4,5,4,13,Champions
1076,14,32,50,4,4,2,10,Loyal Customers
1077,14,47,72,4,5,4,13,Champions
1078,90,5,28,2,1,1,4,Low Value / Churn Risk
1079,14,49,59,4,5,3,12,Loyal Customers
1080,30,48,33,3,5,1,9,Potential Loyalists
1081,90,22,59,2,3,3,8,Potential Loyalists
1082,365,45,30,1,5,1,7,Potential Loyalists
1083,90,30,85,2,3,5,10,Loyal Customers
1084,7,43,97,5,5,5,15,Champions
1085,90,48,36,2,5,2,9,Potential Loyalists
1086,14,23,85,4,3,5,12,Loyal Customers
1087,14,27,62,4,3,3,10,Loyal Customers
1088,30,7,71,3,1,4,8,Potential Loyalists
1089,7,2,21,5,1,1,7,Potential Loyalists
1090,14,33,61,4,4,3,11,Loyal Customers
1091,14,27,58,4,3,3,10,Loyal Customers
1092,14,6,80,4,1,4,9,Potential Loyalists
1093,90,20,50,2,2,2,6,At Risk
1094,90,46,48,2,5,2,9,Potential Loyalists
1095,90,25,40,2,3,2,7,Potential Loyalists
1096,90,30,34,2,3,1,6,At Risk
1097,365,48,46,1,5,2,8,Potential Loyalists
1098,7,47,27,5,5,1,11,Loyal Customers
1099,7,27,98,5,3,5,13,Champions
1100,14,45,73,4,5,4,13,Champions
1101,7,2,28,5,1,1,7,Potential Loyalists
1102,14,39,76,4,4,4,12,Loyal Customers
1103,14,24,83,4,3,4,11,Loyal Customers
1104,14,8,23,4,1,1,6,At Risk
1105,90,8,28,2,1,1,4,Low Value / Churn Risk
1106,90,6,83,2,1,4,7,Potential Loyalists
1107,14,12,96,4,2,5,11,Loyal Customers
1108,7,26,62,5,3,3,11,Loyal Customers
1109,14,50,25,4,5,1,10,Loyal Customers
1110,7,2,97,5,1,5,11,Loyal Customers
1111,14,31,61,4,4,3,11,Loyal Customers
1112,14,4,66,4,1,3,8,Potential Loyalists
1113,90,32,67,2,4,3,9,Potential Loyalists
1114,14,11,80,4,2,4,10,Loyal Customers
1115,90,47,25,2,5,1,8,Potential Loyalists
1116,7,37,58,5,4,3,12,Loyal Customers
1117,14,39,96,4,4,5,13,Champions
1118,30,24,77,3,3,4,10,Loyal Customers
1119,90,11,65,2,2,3,7,Potential Loyalists
1120,7,36,36,5,4,2,11,Loyal Customers
1121,30,40,84,3,4,4,11,Loyal Customers
1122,90,25,58,2,3,3,8,Potential Loyalists
1123,365,12,62,1,2,3,6,At Risk
1124,30,38,67,3,4,3,10,Loyal Customers
1125,90,40,20,2,4,1,7,Potential Loyalists
1126,7,10,90,5,1,5,11,Loyal Customers
1127,14,47,58,4,5,3,12,Loyal Customers
1128,30,22,53,3,3,3,9,Potential Loyalists
1129,30,35,30,3,4,1,8,Potential Loyalists
1130,14,46,65,4,5,3,12,Loyal Customers
1131,14,30,41,4,3,2,9,Potential Loyalists
1132,30,20,73,3,2,4,9,Potential Loyalists
1133,14,25,98,4,3,5,12,Loyal Customers
1134,7,29,36,5,3,2,10,Loyal Customers
1135,90,2,81,2,1,4,7,Potential Loyalists
1136,90,32,90,2,4,5,11,Loyal Customers
1137,30,37,83,3,4,4,11,Loyal Customers
1138,90,16,91,2,2,5,9,Potential Loyalists
1139,14,32,36,4,4,2,10,Loyal Customers
1140,14,42,53,4,5,3,12,Loyal Customers
1141,90,6,39,2,1,2,5,At Risk
1142,14,23,33,4,3,1,8,Potential Loyalists
1143,14,27,76,4,3,4,11,Loyal Customers
1144,90,43,23,2,5,1,8,Potential Loyalists
1145,14,25,54,4,3,3,10,Loyal Customers
1146,90,30,89,2,3,5,10,Loyal Customers
1147,90,7,38,2,1,2,5,At Risk
1148,365,17,36,1,2,2,5,At Risk
1149,14,10,66,4,1,3,8,Potential Loyalists
1150,365,40,42,1,4,2,7,Potential Loyalists
1151,14,50,36,4,5,2,11,Loyal Customers
1152,7,24,86,5,3,5,13,Champions
1153,90,8,49,2,1,2,5,At Risk
1154,90,6,41,2,1,2,5,At Risk
1155,14,44,82,4,5,4,13,Champions
1156,90,47,53,2,5,3,10,Loyal Customers
1157,90,6,21,2,1,1,4,Low Value / Churn Risk
1158,90,11,66,2,2,3,7,Potential Loyalists
1159,365,41,89,1,5,5,11,Loyal Customers
1160,90,46,55,2,5,3,10,Loyal Customers
1161,14,9,42,4,1,2,7,Potential Loyalists
1162,30,37,52,3,4,3,10,Loyal Customers
1163,7,13,92,5,2,5,12,Loyal Customers
1164,30,24,56,3,3,3,9,Potential Loyalists
1165,90,47,96,2,5,5,12,Loyal Customers
1166,90,21,64,2,3,3,8,Potential Loyalists
1167,14,22,48,4,3,2,9,Potential Loyalists
1168,90,16,83,2,2,4,8,Potential Loyalists
1169,14,37,91,4,4,5,13,Champions
1170,365,3,94,1,1,5,7,Potential Loyalists
1171,14,33,62,4,4,3,11,Loyal Customers
1172,365,15,55,1,2,3,6,At Risk
1173,14,42,68,4,5,3,12,Loyal Customers
1174,14,42,76,4,5,4,13,Champions
1175,14,19,31,4,2,1,7,Potential Loyalists
1176,90,26,81,2,3,4,9,Potential Loyalists
1177,90,39,83,2,4,4,10,Loyal Customers
1178,30,24,21,3,3,1,7,Potential Loyalists
1179,365,23,22,1,3,1,5,At Risk
1180,365,44,33,1,5,1,7,Potential Loyalists
1181,30,34,23,3,4,1,8,Potential Loyalists
1182,90,43,96,2,5,5,12,Loyal Customers
1183,90,45,21,2,5,1,8,Potential Loyalists
1184,7,4,39,5,1,2,8,Potential Loyalists
1185,365,19,73,1,2,4,7,Potential Loyalists
1186,30,29,64,3,3,3,9,Potential Loyalists
1187,365,27,68,1,3,3,7,Potential Loyalists
1188,90,37,89,2,4,5,11,Loyal Customers
1189,7,11,29,5,2,1,8,Potential Loyalists
1190,365,28,97,1,3,5,9,Potential Loyalists
1191,7,31,45,5,4,2,11,Loyal Customers
1192,90,50,70,2,5,4,11,Loyal Customers
1193,90,42,56,2,5,3,10,Loyal Customers
1194,14,18,55,4,2,3,9,Potential Loyalists
1195,14,6,46,4,1,2,7,Potential Loyalists
1196,30,33,95,3,4,5,12,Loyal Customers
1197,14,13,88,4,2,5,11,Loyal Customers
1198,365,26,92,1,3,5,9,Potential Loyalists
1199,365,17,49,1,2,2,5,At Risk
1200,7,3,89,5,1,5,11,Loyal Customers
1201,7,7,22,5,1,1,7,Potential Loyalists
1202,14,46,61,4,5,3,12,Loyal Customers
1203,90,14,29,2,2,1,5,At Risk
1204,365,23,82,1,3,4,8,Potential Loyalists
1205,90,20,94,2,2,5,9,Potential Loyalists
1206,14,38,99,4,4,5,13,Champions
1207,90,16,59,2,2,3,7,Potential Loyalists
1208,90,48,90,2,5,5,12,Loyal Customers
1209,365,8,100,1,1,5,7,Potential Loyalists
1210,30,16,62,3,2,3,8,Potential Loyalists
1211,90,5,78,2,1,4,7,Potential Loyalists
1212,90,14,94,2,2,5,9,Potential Loyalists
1213,7,18,74,5,2,4,11,Loyal Customers
1214,90,14,52,2,2,3,7,Potential Loyalists
1215,90,5,81,2,1,4,7,Potential Loyalists
1216,90,15,20,2,2,1,5,At Risk
1217,90,3,32,2,1,1,4,Low Value / Churn Risk
1218,90,12,63,2,2,3,7,Potential Loyalists
1219,90,43,79,2,5,4,11,Loyal Customers
1220,14,35,23,4,4,1,9,Potential Loyalists
1221,90,36,64,2,4,3,9,Potential Loyalists
1222,90,3,69,2,1,4,7,Potential Loyalists
1223,365,27,69,1,3,4,8,Potential Loyalists
1224,7,21,24,5,3,1,9,Potential Loyalists
1225,7,18,50,5,2,2,9,Potential Loyalists
1226,7,16,97,5,2,5,12,Loyal Customers
1227,14,18,91,4,2,5,11,Loyal Customers
1228,14,19,37,4,2,2,8,Potential Loyalists
1229,365,1,55,1,1,3,5,At Risk
1230,365,39,52,1,4,3,8,Potential Loyalists
1231,30,49,80,3,5,4,12,Loyal Customers
1232,14,43,79,4,5,4,13,Champions
1233,90,31,23,2,4,1,7,Potential Loyalists
1234,90,40,73,2,4,4,10,Loyal Customers
1235,14,2,99,4,1,5,10,Loyal Customers
1236,90,46,22,2,5,1,8,Potential Loyalists
1237,90,35,68,2,4,3,9,Potential Loyalists
1238,90,42,92,2,5,5,12,Loyal Customers
1239,14,3,77,4,1,4,9,Potential Loyalists
1240,90,32,37,2,4,2,8,Potential Loyalists
1241,365,48,79,1,5,4,10,Loyal Customers
1242,7,34,51,5,4,2,11,Loyal Customers
1243,90,15,27,2,2,1,5,At Risk
1244,365,22,23,1,3,1,5,At Risk
1245,30,2,76,3,1,4,8,Potential Loyalists
1246,7,30,31,5,3,1,9,Potential Loyalists
1247,30,27,60,3,3,3,9,Potential Loyalists
1248,14,18,99,4,2,5,11,Loyal Customers
1249,365,8,37,1,1,2,4,Low Value / Churn Risk
1250,14,48,50,4,5,2,11,Loyal Customers
1251,30,24,26,3,3,1,7,Potential Loyalists
1252,30,43,86,3,5,5,13,Champions
1253,90,8,41,2,1,2,5,At Risk
1254,365,49,23,1,5,1,7,Potential Loyalists
1255,14,2,56,4,1,3,8,Potential Loyalists
1256,14,38,68,4,4,3,11,Loyal Customers
1257,14,4,48,4,1,2,7,Potential Loyalists
1258,90,31,67,2,4,3,9,Potential Loyalists
1259,90,34,87,2,4,5,11,Loyal Customers
1260,30,45,64,3,5,3,11,Loyal Customers
1261,90,30,93,2,3,5,10,Loyal Customers
1262,14,2,29,4,1,1,6,At Risk
1263,30,44,62,3,5,3,11,Loyal Customers
1264,14,1,70,4,1,4,9,Potential Loyalists
1265,14,1,92,4,1,5,10,Loyal Customers
1266,7,27,79,5,3,4,12,Loyal Customers
1267,90,14,31,2,2,1,5,At Risk
1268,7,41,83,5,5,4,14,Champions
1269,14,25,88,4,3,5,12,Loyal Customers
1270,90,47,53,2,5,3,10,Loyal Customers
1271,365,20,98,1,2,5,8,Potential Loyalists
1272,365,42,57,1,5,3,9,Potential Loyalists
1273,30,16,80,3,2,4,9,Potential Loyalists
1274,90,32,29,2,4,1,7,Potential Loyalists
1275,90,37,73,2,4,4,10,Loyal Customers
1276,30,1,32,3,1,1,5,At Risk
1277,7,37,68,5,4,4,13,Champions
1278,90,5,97,2,1,5,8,Potential Loyalists
1279,14,31,98,4,4,5,13,Champions
1280,365,18,56,1,2,3,6,At Risk
1281,90,39,78,2,4,4,10,Loyal Customers
1282,14,8,81,4,1,4,9,Potential Loyalists
1283,30,20,68,3,2,4,9,Potential Loyalists
1284,90,23,94,2,3,5,10,Loyal Customers
1285,14,38,93,4,4,5,13,Champions
1286,14,45,99,4,5,5,14,Champions
1287,14,44,49,4,5,2,11,Loyal Customers
1288,30,20,28,3,2,1,6,At Risk
1289,14,34,93,4,4,5,13,Champions
1290,7,10,24,5,1,1,7,Potential Loyalists
1291,365,3,35,1,1,1,3,Low Value / Churn Risk
1292,14,23,68,4,3,4,11,Loyal Customers
1293,365,42,61,1,5,3,9,Potential Loyalists
1294,365,30,74,1,3,4,8,Potential Loyalists
1295,90,21,64,2,3,3,8,Potential Loyalists
1296,7,50,60,5,5,3,13,Champions
1297,14,16,29,4,2,1,7,Potential Loyalists
1298,365,32,85,1,4,5,10,Loyal Customers
1299,14,14,81,4,2,4,10,Loyal Customers
1300,14,42,23,4,5,1,10,Loyal Customers
1301,90,47,100,2,5,5,12,Loyal Customers
1302,7,21,54,5,3,3,11,Loyal Customers
1303,30,37,25,3,4,1,8,Potential Loyalists
1304,365,10,32,1,1,1,3,Low Value / Churn Risk
1305,90,18,63,2,2,3,7,Potential Loyalists
1306,90,2,56,2,1,3,6,At Risk
1307,365,40,33,1,4,1,6,At Risk
1308,365,43,32,1,5,1,7,Potential Loyalists
1309,90,14,38,2,2,2,6,At Risk
1310,90,41,21,2,5,1,8,Potential Loyalists
1311,90,38,59,2,4,3,9,Potential Loyalists
1312,365,12,87,1,2,5,8,Potential Loyalists
1313,30,19,79,3,2,4,9,Potential Loyalists
1314,14,23,28,4,3,1,8,Potential Loyalists
1315,365,49,67,1,5,3,9,Potential Loyalists
1316,90,29,75,2,3,4,9,Potential Loyalists
1317,14,14,32,4,2,1,7,Potential Loyalists
1318,30,19,43,3,2,2,7,Potential Loyalists
1319,14,19,93,4,2,5,11,Loyal Customers
1320,7,48,24,5,5,1,11,Loyal Customers
1321,365,19,31,1,2,1,4,Low Value / Churn Risk
1322,90,45,84,2,5,4,11,Loyal Customers
1323,90,17,74,2,2,4,8,Potential Loyalists
1324,90,15,62,2,2,3,7,Potential Loyalists
1325,14,11,77,4,2,4,10,Loyal Customers
1326,30,1,73,3,1,4,8,Potential Loyalists
1327,30,17,50,3,2,2,7,Potential Loyalists
1328,7,37,40,5,4,2,11,Loyal Customers
1329,7,40,97,5,4,5,14,Champions
1330,90,50,63,2,5,3,10,Loyal Customers
1331,14,20,65,4,2,3,9,Potential Loyalists
1332,14,8,91,4,1,5,10,Loyal Customers
1333,90,16,60,2,2,3,7,Potential Loyalists
1334,90,9,69,2,1,4,7,Potential Loyalists
1335,30,12,52,3,2,3,8,Potential Loyalists
1336,7,26,49,5,3,2,10,Loyal Customers
1337,14,44,85,4,5,5,14,Champions
1338,14,19,86,4,2,5,11,Loyal Customers
1339,14,43,51,4,5,2,11,Loyal Customers
1340,90,5,56,2,1,3,6,At Risk
1341,90,5,72,2,1,4,7,Potential Loyalists
1342,90,31,27,2,4,1,7,Potential Loyalists
1343,30,11,43,3,2,2,7,Potential Loyalists
1344,30,34,56,3,4,3,10,Loyal Customers
1345,365,14,37,1,2,2,5,At Risk
1346,7,42,21,5,5,1,11,Loyal Customers
1347,14,15,91,4,2,5,11,Loyal Customers
1348,30,47,95,3,5,5,13,Champions
1349,14,23,54,4,3,3,10,Loyal Customers
1350,14,23,36,4,3,2,9,Potential Loyalists
1351,90,1,71,2,1,4,7,Potential Loyalists
1352,90,28,31,2,3,1,6,At Risk
1353,14,37,89,4,4,5,13,Champions
1354,90,4,83,2,1,4,7,Potential Loyalists
1355,90,21,42,2,3,2,7,Potential Loyalists
1356,14,50,91,4,5,5,14,Champions
1357,365,34,61,1,4,3,8,Potential Loyalists
1358,90,20,66,2,2,3,7,Potential Loyalists
1359,90,25,22,2,3,1,6,At Risk
1360,14,26,68,4,3,4,11,Loyal Customers
1361,365,4,43,1,1,2,4,Low Value / Churn Risk
1362,30,39,32,3,4,1,8,Potential Loyalists
1363,7,29,46,5,3,2,10,Loyal Customers
1364,90,47,90,2,5,5,12,Loyal Customers
1365,90,5,75,2,1,4,7,Potential Loyalists
1366,14,18,69,4,2,4,10,Loyal Customers
1367,14,10,40,4,1,2,7,Potential Loyalists
1368,90,25,63,2,3,3,8,Potential Loyalists
1369,7,2,36,5,1,2,8,Potential Loyalists
1370,14,48,75,4,5,4,13,Champions
1371,90,41,67,2,5,3,10,Loyal Customers
1372,30,42,64,3,5,3,11,Loyal Customers
1373,14,44,61,4,5,3,12,Loyal Customers
1374,90,6,40,2,1,2,5,At Risk
1375,90,5,97,2,1,5,8,Potential Loyalists
1376,365,8,31,1,1,1,3,Low Value / Churn Risk
1377,365,24,65,1,3,3,7,Potential Loyalists
1378,30,42,54,3,5,3,11,Loyal Customers
1379,7,24,49,5,3,2,10,Loyal Customers
1380,14,38,64,4,4,3,11,Loyal Customers
1381,14,41,35,4,5,1,10,Loyal Customers
1382,90,48,86,2,5,5,12,Loyal Customers
1383,90,16,55,2,2,3,7,Potential Loyalists
1384,30,4,58,3,1,3,7,Potential Loyalists
1385,7,8,96,5,1,5,11,Loyal Customers
1386,14,1,64,4,1,3,8,Potential Loyalists
1387,90,4,56,2,1,3,6,At Risk
1388,30,20,85,3,2,5,10,Loyal Customers
1389,90,40,23,2,4,1,7,Potential Loyalists
1390,14,8,72,4,1,4,9,Potential Loyalists
1391,7,42,38,5,5,2,12,Loyal Customers
1392,365,38,29,1,4,1,6,At Risk
1393,90,34,46,2,4,2,8,Potential Loyalists
1394,14,14,58,4,2,3,9,Potential Loyalists
1395,7,39,43,5,4,2,11,Loyal Customers
1396,14,40,32,4,4,1,9,Potential Loyalists
1397,30,49,30,3,5,1,9,Potential Loyalists
1398,365,33,67,1,4,3,8,Potential Loyalists
1399,7,25,45,5,3,2,10,Loyal Customers
1400,365,48,81,1,5,4,10,Loyal Customers
1401,90,22,23,2,3,1,6,At Risk
1402,7,1,59,5,1,3,9,Potential Loyalists
1403,30,47,21,3,5,1,9,Potential Loyalists
1404,14,20,20,4,2,1,7,Potential Loyalists
1405,7,10,28,5,1,1,7,Potential Loyalists
1406,30,39,100,3,4,5,12,Loyal Customers
1407,30,15,46,3,2,2,7,Potential Loyalists
1408,365,11,61,1,2,3,6,At Risk
1409,7,38,58,5,4,3,12,Loyal Customers
1410,14,41,50,4,5,2,11,Loyal Customers
1411,365,18,93,1,2,5,8,Potential Loyalists
1412,90,13,24,2,2,1,5,At Risk
1413,365,43,100,1,5,5,11,Loyal Customers
1414,90,12,79,2,2,4,8,Potential Loyalists
1415,14,3,51,4,1,2,7,Potential Loyalists
1416,90,12,90,2,2,5,9,Potential Loyalists
1417,90,46,56,2,5,3,10,Loyal Customers
1418,14,21,25,4,3,1,8,Potential Loyalists
1419,90,23,75,2,3,4,9,Potential Loyalists
1420,90,4,75,2,1,4,7,Potential Loyalists
1421,90,45,53,2,5,3,10,Loyal Customers
1422,14,24,100,4,3,5,12,Loyal Customers
1423,14,3,27,4,1,1,6,At Risk
1424,90,12,60,2,2,3,7,Potential Loyalists
1425,90,34,23,2,4,1,7,Potential Loyalists
1426,365,39,40,1,4,2,7,Potential Loyalists
1427,90,35,38,2,4,2,8,Potential Loyalists
1428,365,8,90,1,1,5,7,Potential Loyalists
1429,90,42,97,2,5,5,12,Loyal Customers
1430,90,6,38,2,1,2,5,At Risk
1431,14,3,30,4,1,1,6,At Risk
1432,90,29,88,2,3,5,10,Loyal Customers
1433,90,32,33,2,4,1,7,Potential Loyalists
1434,7,45,60,5,5,3,13,Champions
1435,14,21,64,4,3,3,10,Loyal Customers
1436,7,41,95,5,5,5,15,Champions
1437,14,23,83,4,3,4,11,Loyal Customers
1438,365,14,97,1,2,5,8,Potential Loyalists
1439,30,24,38,3,3,2,8,Potential Loyalists
1440,14,25,48,4,3,2,9,Potential Loyalists
1441,30,13,76,3,2,4,9,Potential Loyalists
1442,90,3,25,2,1,1,4,Low Value / Churn Risk
1443,365,42,92,1,5,5,11,Loyal Customers
1444,30,2,47,3,1,2,6,At Risk
1445,90,26,36,2,3,2,7,Potential Loyalists
1446,365,24,51,1,3,2,6,At Risk
1447,90,6,35,2,1,1,4,Low Value / Churn Risk
1448,30,25,57,3,3,3,9,Potential Loyalists
1449,90,11,95,2,2,5,9,Potential Loyalists
1450,90,20,41,2,2,2,6,At Risk
1451,90,25,44,2,3,2,7,Potential Loyalists
1452,90,35,34,2,4,1,7,Potential Loyalists
1453,90,11,25,2,2,1,5,At Risk
1454,14,41,93,4,5,5,14,Champions
1455,365,17,50,1,2,2,5,At Risk
1456,90,1,79,2,1,4,7,Potential Loyalists
1457,90,30,100,2,3,5,10,Loyal Customers
1458,14,47,57,4,5,3,12,Loyal Customers
1459,7,34,28,5,4,1,10,Loyal Customers
1460,14,18,35,4,2,1,7,Potential Loyalists
1461,14,33,85,4,4,5,13,Champions
1462,90,42,95,2,5,5,12,Loyal Customers
1463,90,2,90,2,1,5,8,Potential Loyalists
1464,30,1,49,3,1,2,6,At Risk
1465,90,23,92,2,3,5,10,Loyal Customers
1466,14,42,72,4,5,4,13,Champions
1467,365,3,71,1,1,4,6,At Risk
1468,14,16,27,4,2,1,7,Potential Loyalists
1469,14,46,39,4,5,2,11,Loyal Customers
1470,90,31,98,2,4,5,11,Loyal Customers
1471,90,15,27,2,2,1,5,At Risk
1472,90,48,71,2,5,4,11,Loyal Customers
1473,7,11,24,5,2,1,8,Potential Loyalists
1474,90,20,63,2,2,3,7,Potential Loyalists
1475,30,6,72,3,1,4,8,Potential Loyalists
1476,30,24,61,3,3,3,9,Potential Loyalists
1477,30,18,56,3,2,3,8,Potential Loyalists
1478,90,1,32,2,1,1,4,Low Value / Churn Risk
1479,14,13,23,4,2,1,7,Potential Loyalists
1480,7,2,100,5,1,5,11,Loyal Customers
1481,90,26,74,2,3,4,9,Potential Loyalists
1482,90,31,33,2,4,1,7,Potential Loyalists
1483,7,43,67,5,5,3,13,Champions
1484,14,12,61,4,2,3,9,Potential Loyalists
1485,90,22,46,2,3,2,7,Potential Loyalists
1486,14,3,56,4,1,3,8,Potential Loyalists
1487,90,23,73,2,3,4,9,Potential Loyalists
1488,365,26,44,1,3,2,6,At Risk
1489,7,37,44,5,4,2,11,Loyal Customers
1490,90,42,26,2,5,1,8,Potential Loyalists
1491,14,15,52,4,2,3,9,Potential Loyalists
1492,90,10,54,2,1,3,6,At Risk
1493,90,3,38,2,1,2,5,At Risk
1494,90,44,44,2,5,2,9,Potential Loyalists
1495,14,23,76,4,3,4,11,Loyal Customers
1496,7,6,23,5,1,1,7,Potential Loyalists
1497,14,9,98,4,1,5,10,Loyal Customers
1498,90,16,33,2,2,1,5,At Risk
1499,14,46,32,4,5,1,10,Loyal Customers
1500,90,24,85,2,3,5,10,Loyal Customers
1501,30,22,69,3,3,4,10,Loyal Customers
1502,90,13,55,2,2,3,7,Potential Loyalists
1503,14,20,66,4,2,3,9,Potential Loyalists
1504,90,46,30,2,5,1,8,Potential Loyalists
1505,30,10,80,3,1,4,8,Potential Loyalists
1506,30,39,20,3,4,1,8,Potential Loyalists
1507,90,44,30,2,5,1,8,Potential Loyalists
1508,365,7,86,1,1,5,7,Potential Loyalists
1509,90,3,84,2,1,4,7,Potential Loyalists
1510,365,44,54,1,5,3,9,Potential Loyalists
1511,365,31,30,1,4,1,6,At Risk
1512,7,48,91,5,5,5,15,Champions
1513,14,18,23,4,2,1,7,Potential Loyalists
1514,30,27,35,3,3,1,7,Potential Loyalists
1515,7,1,90,5,1,5,11,Loyal Customers
1516,7,34,93,5,4,5,14,Champions
1517,14,5,68,4,1,4,9,Potential Loyalists
1518,90,12,41,2,2,2,6,At Risk
1519,14,14,73,4,2,4,10,Loyal Customers
1520,7,40,73,5,4,4,13,Champions
1521,90,39,66,2,4,3,9,Potential Loyalists
1522,7,50,59,5,5,3,13,Champions
1523,30,5,72,3,1,4,8,Potential Loyalists
1524,365,35,88,1,4,5,10,Loyal Customers
1525,14,6,76,4,1,4,9,Potential Loyalists
1526,14,22,31,4,3,1,8,Potential Loyalists
1527,30,27,22,3,3,1,7,Potential Loyalists
1528,14,33,75,4,4,4,12,Loyal Customers
1529,14,47,75,4,5,4,13,Champions
1530,14,48,63,4,5,3,12,Loyal Customers
1531,90,22,21,2,3,1,6,At Risk
1532,14,8,83,4,1,4,9,Potential Loyalists
1533,90,5,46,2,1,2,5,At Risk
1534,90,16,59,2,2,3,7,Potential Loyalists
1535,14,26,66,4,3,3,10,Loyal Customers
1536,30,8,74,3,1,4,8,Potential Loyalists
1537,90,17,82,2,2,4,8,Potential Loyalists
1538,365,50,89,1,5,5,11,Loyal Customers
1539,14,22,65,4,3,3,10,Loyal Customers
1540,90,19,55,2,2,3,7,Potential Loyalists
1541,30,14,95,3,2,5,10,Loyal Customers
1542,14,35,77,4,4,4,12,Loyal Customers
1543,7,43,44,5,5,2,12,Loyal Customers
1544,365,24,89,1,3,5,9,Potential Loyalists
1545,14,17,24,4,2,1,7,Potential Loyalists
1546,365,49,43,1,5,2,8,Potential Loyalists
1547,365,17,51,1,2,2,5,At Risk
1548,90,40,46,2,4,2,8,Potential Loyalists
1549,7,43,32,5,5,1,11,Loyal Customers
1550,90,19,55,2,2,3,7,Potential Loyalists
1551,90,40,26,2,4,1,7,Potential Loyalists
1552,30,13,29,3,2,1,6,At Risk
1553,30,20,49,3,2,2,7,Potential Loyalists
1554,90,21,45,2,3,2,7,Potential Loyalists
1555,14,18,48,4,2,2,8,Potential Loyalists
1556,90,44,47,2,5,2,9,Potential Loyalists
1557,90,26,57,2,3,3,8,Potential Loyalists
1558,90,34,34,2,4,1,7,Potential Loyalists
1559,90,24,75,2,3,4,9,Potential Loyalists
1560,14,23,94,4,3,5,12,Loyal Customers
1561,7,3,84,5,1,4,10,Loyal Customers
1562,90,2,38,2,1,2,5,At Risk
1563,14,23,75,4,3,4,11,Loyal Customers
1564,7,8,44,5,1,2,8,Potential Loyalists
1565,90,30,33,2,3,1,6,At Risk
1566,365,48,93,1,5,5,11,Loyal Customers
1567,14,21,99,4,3,5,12,Loyal Customers
1568,30,9,33,3,1,1,5,At Risk
1569,30,8,76,3,1,4,8,Potential Loyalists
1570,7,29,63,5,3,3,11,Loyal Customers
1571,90,3,41,2,1,2,5,At Risk
1572,14,11,88,4,2,5,11,Loyal Customers
1573,30,16,92,3,2,5,10,Loyal Customers
1574,7,25,31,5,3,1,9,Potential Loyalists
1575,14,32,25,4,4,1,9,Potential Loyalists
1576,14,28,28,4,3,1,8,Potential Loyalists
1577,30,36,75,3,4,4,11,Loyal Customers
1578,14,7,34,4,1,1,6,At Risk
1579,90,2,97,2,1,5,8,Potential Loyalists
1580,30,6,80,3,1,4,8,Potential Loyalists
1581,365,30,71,1,3,4,8,Potential Loyalists
1582,90,46,77,2,5,4,11,Loyal Customers
1583,30,39,41,3,4,2,9,Potential Loyalists
1584,365,8,92,1,1,5,7,Potential Loyalists
1585,90,46,95,2,5,5,12,Loyal Customers
1586,14,40,25,4,4,1,9,Potential Loyalists
1587,7,21,77,5,3,4,12,Loyal Customers
1588,14,33,99,4,4,5,13,Champions
1589,30,3,24,3,1,1,5,At Risk
1590,7,48,72,5,5,4,14,Champions
1591,365,8,80,1,1,4,6,At Risk
1592,365,24,100,1,3,5,9,Potential Loyalists
1593,90,10,83,2,1,4,7,Potential Loyalists
1594,30,25,95,3,3,5,11,Loyal Customers
1595,14,3,41,4,1,2,7,Potential Loyalists
1596,14,45,35,4,5,1,10,Loyal Customers
1597,30,15,30,3,2,1,6,At Risk
1598,90,34,21,2,4,1,7,Potential Loyalists
1599,14,21,85,4,3,5,12,Loyal Customers
1600,14,22,54,4,3,3,10,Loyal Customers
1601,7,24,26,5,3,1,9,Potential Loyalists
1602,30,33,59,3,4,3,10,Loyal Customers
1603,14,13,48,4,2,2,8,Potential Loyalists
1604,14,17,98,4,2,5,11,Loyal Customers
1605,90,25,92,2,3,5,10,Loyal Customers
1606,14,15,46,4,2,2,8,Potential Loyalists
1607,14,4,21,4,1,1,6,At Risk
1608,90,43,72,2,5,4,11,Loyal Customers
1609,14,12,58,4,2,3,9,Potential Loyalists
1610,30,3,93,3,1,5,9,Potential Loyalists
1611,365,1,31,1,1,1,3,Low Value / Churn Risk
1612,30,6,26,3,1,1,5,At Risk
1613,30,26,68,3,3,4,10,Loyal Customers
1614,14,6,31,4,1,1,6,At Risk
1615,14,22,41,4,3,2,9,Potential Loyalists
1616,14,45,62,4,5,3,12,Loyal Customers
1617,90,50,41,2,5,2,9,Potential Loyalists
1618,14,50,64,4,5,3,12,Loyal Customers
1619,90,39,72,2,4,4,10,Loyal Customers
1620,14,50,78,4,5,4,13,Champions
1621,90,27,47,2,3,2,7,Potential Loyalists
1622,14,38,46,4,4,2,10,Loyal Customers
1623,90,37,43,2,4,2,8,Potential Loyalists
1624,365,50,58,1,5,3,9,Potential Loyalists
1625,90,40,32,2,4,1,7,Potential Loyalists
1626,14,3,45,4,1,2,7,Potential Loyalists
1627,14,45,35,4,5,1,10,Loyal Customers
1628,365,8,21,1,1,1,3,Low Value / Churn Risk
1629,30,7,64,3,1,3,7,Potential Loyalists
1630,90,13,88,2,2,5,9,Potential Loyalists
1631,90,29,48,2,3,2,7,Potential Loyalists
1632,14,7,36,4,1,2,7,Potential Loyalists
1633,90,50,28,2,5,1,8,Potential Loyalists
1634,14,33,80,4,4,4,12,Loyal Customers
1635,90,30,23,2,3,1,6,At Risk
1636,365,40,24,1,4,1,6,At Risk
1637,14,49,22,4,5,1,10,Loyal Customers
1638,14,32,21,4,4,1,9,Potential Loyalists
1639,7,18,51,5,2,2,9,Potential Loyalists
1640,365,50,65,1,5,3,9,Potential Loyalists
1641,7,13,51,5,2,2,9,Potential Loyalists
1642,90,1,32,2,1,1,4,Low Value / Churn Risk
1643,14,16,70,4,2,4,10,Loyal Customers
1644,30,6,77,3,1,4,8,Potential Loyalists
1645,30,21,90,3,3,5,11,Loyal Customers
1646,90,36,36,2,4,2,8,Potential Loyalists
1647,90,20,77,2,2,4,8,Potential Loyalists
1648,90,8,78,2,1,4,7,Potential Loyalists
1649,30,22,69,3,3,4,10,Loyal Customers
1650,90,3,63,2,1,3,6,At Risk
1651,14,46,36,4,5,2,11,Loyal Customers
1652,30,42,80,3,5,4,12,Loyal Customers
1653,14,1,35,4,1,1,6,At Risk
1654,14,29,93,4,3,5,12,Loyal Customers
1655,90,14,25,2,2,1,5,At Risk
1656,30,4,81,3,1,4,8,Potential Loyalists
1657,90,41,42,2,5,2,9,Potential Loyalists
1658,14,4,36,4,1,2,7,Potential Loyalists
1659,7,47,66,5,5,3,13,Champions
1660,365,44,37,1,5,2,8,Potential Loyalists
1661,30,37,45,3,4,2,9,Potential Loyalists
1662,90,21,86,2,3,5,10,Loyal Customers
1663,14,46,24,4,5,1,10,Loyal Customers
1664,14,1,22,4,1,1,6,At Risk
1665,7,35,53,5,4,3,12,Loyal Customers
1666,30,49,41,3,5,2,10,Loyal Customers
1667,365,47,64,1,5,3,9,Potential Loyalists
1668,90,24,40,2,3,2,7,Potential Loyalists
1669,14,28,33,4,3,1,8,Potential Loyalists
1670,90,22,59,2,3,3,8,Potential Loyalists
1671,7,20,73,5,2,4,11,Loyal Customers
1672,7,25,22,5,3,1,9,Potential Loyalists
1673,90,15,73,2,2,4,8,Potential Loyalists
1674,14,49,62,4,5,3,12,Loyal Customers
1675,14,10,56,4,1,3,8,Potential Loyalists
1676,365,21,90,1,3,5,9,Potential Loyalists
1677,7,34,44,5,4,2,11,Loyal Customers
1678,7,41,35,5,5,2,12,Loyal Customers
1679,14,30,71,4,3,4,11,Loyal Customers
1680,14,24,52,4,3,3,10,Loyal Customers
1681,365,6,37,1,1,2,4,Low Value / Churn Risk
1682,14,14,95,4,2,5,11,Loyal Customers
1683,14,37,97,4,4,5,13,Champions
1684,90,37,57,2,4,3,9,Potential Loyalists
1685,7,28,93,5,3,5,13,Champions
1686,14,43,48,4,5,2,11,Loyal Customers
1687,365,25,75,1,3,4,8,Potential Loyalists
1688,365,4,70,1,1,4,6,At Risk
1689,14,13,26,4,2,1,7,Potential Loyalists
1690,30,32,73,3,4,4,11,Loyal Customers
1691,365,1,30,1,1,1,3,Low Value / Churn Risk
1692,365,4,61,1,1,3,5,At Risk
1693,14,33,75,4,4,4,12,Loyal Customers
1694,14,45,88,4,5,5,14,Champions
1695,14,20,67,4,2,3,9,Potential Loyalists
1696,14,1,95,4,1,5,10,Loyal Customers
1697,14,7,69,4,1,4,9,Potential Loyalists
1698,90,48,87,2,5,5,12,Loyal Customers
1699,90,46,41,2,5,2,9,Potential Loyalists
1700,365,34,67,1,4,3,8,Potential Loyalists
1701,30,36,70,3,4,4,11,Loyal Customers
1702,90,44,41,2,5,2,9,Potential Loyalists
1703,7,48,83,5,5,4,14,Champions
1704,365,12,22,1,2,1,4,Low Value / Churn Risk
1705,90,19,20,2,2,1,5,At Risk
1706,14,49,29,4,5,1,10,Loyal Customers
1707,14,25,87,4,3,5,12,Loyal Customers
1708,14,25,81,4,3,4,11,Loyal Customers
1709,90,1,58,2,1,3,6,At Risk
1710,365,19,83,1,2,4,7,Potential Loyalists
1711,90,7,59,2,1,3,6,At Risk
1712,30,19,93,3,2,5,10,Loyal Customers
1713,14,9,87,4,1,5,10,Loyal Customers
1714,90,37,22,2,4,1,7,Potential Loyalists
1715,30,15,71,3,2,4,9,Potential Loyalists
1716,14,30,69,4,3,4,11,Loyal Customers
1717,90,30,47,2,3,2,7,Potential Loyalists
1718,14,16,50,4,2,2,8,Potential Loyalists
1719,90,14,96,2,2,5,9,Potential Loyalists
1720,90,8,39,2,1,2,5,At Risk
1721,14,40,84,4,4,4,12,Loyal Customers
1722,30,24,28,3,3,1,7,Potential Loyalists
1723,14,14,51,4,2,2,8,Potential Loyalists
1724,365,39,20,1,4,1,6,At Risk
1725,7,21,72,5,3,4,12,Loyal Customers
1726,90,32,33,2,4,1,7,Potential Loyalists
1727,7,45,28,5,5,1,11,Loyal Customers
1728,30,19,53,3,2,3,8,Potential Loyalists
1729,90,1,48,2,1,2,5,At Risk
1730,14,12,21,4,2,1,7,Potential Loyalists
1731,7,26,22,5,3,1,9,Potential Loyalists
1732,30,12,87,3,2,5,10,Loyal Customers
1733,90,36,50,2,4,2,8,Potential Loyalists
1734,365,22,85,1,3,5,9,Potential Loyalists
1735,90,16,98,2,2,5,9,Potential Loyalists
1736,365,31,34,1,4,1,6,At Risk
1737,90,43,61,2,5,3,10,Loyal Customers
1738,14,50,98,4,5,5,14,Champions
1739,7,37,61,5,4,3,12,Loyal Customers
1740,7,23,98,5,3,5,13,Champions
1741,90,10,21,2,1,1,4,Low Value / Churn Risk
1742,30,20,51,3,2,2,7,Potential Loyalists
1743,90,18,80,2,2,4,8,Potential Loyalists
1744,7,3,72,5,1,4,10,Loyal Customers
1745,7,23,63,5,3,3,11,Loyal Customers
1746,7,27,27,5,3,1,9,Potential Loyalists
1747,14,44,44,4,5,2,11,Loyal Customers
1748,90,41,23,2,5,1,8,Potential Loyalists
1749,365,41,93,1,5,5,11,Loyal Customers
1750,90,36,70,2,4,4,10,Loyal Customers
1751,90,38,85,2,4,5,11,Loyal Customers
1752,365,34,40,1,4,2,7,Potential Loyalists
1753,90,14,29,2,2,1,5,At Risk
1754,14,23,27,4,3,1,8,Potential Loyalists
1755,14,18,93,4,2,5,11,Loyal Customers
1756,30,45,20,3,5,1,9,Potential Loyalists
1757,7,14,55,5,2,3,10,Loyal Customers
1758,365,48,94,1,5,5,11,Loyal Customers
1759,14,17,56,4,2,3,9,Potential Loyalists
1760,7,1,58,5,1,3,9,Potential Loyalists
1761,7,39,44,5,4,2,11,Loyal Customers
1762,7,24,95,5,3,5,13,Champions
1763,14,41,42,4,5,2,11,Loyal Customers
1764,365,28,93,1,3,5,9,Potential Loyalists
1765,90,34,56,2,4,3,9,Potential Loyalists
1766,90,41,88,2,5,5,12,Loyal Customers
1767,14,27,54,4,3,3,10,Loyal Customers
1768,14,46,89,4,5,5,14,Champions
1769,90,2,45,2,1,2,5,At Risk
1770,30,45,75,3,5,4,12,Loyal Customers
1771,7,34,22,5,4,1,10,Loyal Customers
1772,365,9,82,1,1,4,6,At Risk
1773,365,1,34,1,1,1,3,Low Value / Churn Risk
1774,365,17,92,1,2,5,8,Potential Loyalists
1775,7,6,78,5,1,4,10,Loyal Customers
1776,14,12,47,4,2,2,8,Potential Loyalists
1777,90,10,64,2,1,3,6,At Risk
1778,14,4,44,4,1,2,7,Potential Loyalists
1779,14,8,94,4,1,5,10,Loyal Customers
1780,7,41,62,5,5,3,13,Champions
1781,7,49,81,5,5,4,14,Champions
1782,90,49,33,2,5,1,8,Potential Loyalists
1783,14,40,88,4,4,5,13,Champions
1784,30,30,49,3,3,2,8,Potential Loyalists
1785,90,4,31,2,1,1,4,Low Value / Churn Risk
1786,30,22,29,3,3,1,7,Potential Loyalists
1787,30,22,34,3,3,1,7,Potential Loyalists
1788,90,10,38,2,1,2,5,At Risk
1789,14,23,41,4,3,2,9,Potential Loyalists
1790,90,43,34,2,5,1,8,Potential Loyalists
1791,14,31,26,4,4,1,9,Potential Loyalists
1792,365,38,98,1,4,5,10,Loyal Customers
1793,90,22,59,2,3,3,8,Potential Loyalists
1794,90,45,92,2,5,5,12,Loyal Customers
1795,14,21,40,4,3,2,9,Potential Loyalists
1796,14,9,20,4,1,1,6,At Risk
1797,7,34,35,5,4,2,11,Loyal Customers
1798,7,26,35,5,3,2,10,Loyal Customers
1799,7,1,82,5,1,4,10,Loyal Customers
1800,7,47,48,5,5,2,12,Loyal Customers
1801,7,30,58,5,3,3,11,Loyal Customers
1802,14,48,57,4,5,3,12,Loyal Customers
1803,14,31,96,4,4,5,13,Champions
1804,14,33,97,4,4,5,13,Champions
1805,7,39,42,5,4,2,11,Loyal Customers
1806,7,46,62,5,5,3,13,Champions
1807,365,24,67,1,3,3,7,Potential Loyalists
1808,14,37,46,4,4,2,10,Loyal Customers
1809,30,7,71,3,1,4,8,Potential Loyalists
1810,14,6,99,4,1,5,10,Loyal Customers
1811,14,16,28,4,2,1,7,Potential Loyalists
1812,365,33,77,1,4,4,9,Potential Loyalists
1813,14,18,63,4,2,3,9,Potential Loyalists
1814,7,24,62,5,3,3,11,Loyal Customers
1815,90,24,92,2,3,5,10,Loyal Customers
1816,90,48,72,2,5,4,11,Loyal Customers
1817,7,4,79,5,1,4,10,Loyal Customers
1818,7,20,27,5,2,1,8,Potential Loyalists
1819,90,47,39,2,5,2,9,Potential Loyalists
1820,90,50,86,2,5,5,12,Loyal Customers
1821,30,31,94,3,4,5,12,Loyal Customers
1822,90,29,53,2,3,3,8,Potential Loyalists
1823,365,4,85,1,1,5,7,Potential Loyalists
1824,14,40,50,4,4,2,10,Loyal Customers
1825,30,31,47,3,4,2,9,Potential Loyalists
1826,7,41,75,5,5,4,14,Champions
1827,365,44,60,1,5,3,9,Potential Loyalists
1828,7,31,36,5,4,2,11,Loyal Customers
1829,90,45,80,2,5,4,11,Loyal Customers
1830,90,50,96,2,5,5,12,Loyal Customers
1831,365,7,80,1,1,4,6,At Risk
1832,90,5,71,2,1,4,7,Potential Loyalists
1833,30,48,29,3,5,1,9,Potential Loyalists
1834,14,19,53,4,2,3,9,Potential Loyalists
1835,14,39,35,4,4,2,10,Loyal Customers
1836,90,45,75,2,5,4,11,Loyal Customers
1837,30,35,52,3,4,3,10,Loyal Customers
1838,30,8,77,3,1,4,8,Potential Loyalists
1839,90,11,24,2,2,1,5,At Risk
1840,365,32,78,1,4,4,9,Potential Loyalists
1841,90,46,98,2,5,5,12,Loyal Customers
1842,90,7,57,2,1,3,6,At Risk
1843,365,1,78,1,1,4,6,At Risk
1844,30,32,76,3,4,4,11,Loyal Customers
1845,365,31,26,1,4,1,6,At Risk
1846,90,39,78,2,4,4,10,Loyal Customers
1847,90,9,53,2,1,3,6,At Risk
1848,7,49,100,5,5,5,15,Champions
1849,90,34,73,2,4,4,10,Loyal Customers
1850,30,35,40,3,4,2,9,Potential Loyalists
1851,7,50,76,5,5,4,14,Champions
1852,14,4,80,4,1,4,9,Potential Loyalists
1853,7,32,80,5,4,4,13,Champions
1854,14,11,67,4,2,3,9,Potential Loyalists
1855,365,49,61,1,5,3,9,Potential Loyalists
1856,365,9,76,1,1,4,6,At Risk
1857,14,30,55,4,3,3,10,Loyal Customers
1858,30,33,85,3,4,5,12,Loyal Customers
1859,365,8,69,1,1,4,6,At Risk
1860,14,29,26,4,3,1,8,Potential Loyalists
1861,30,4,64,3,1,3,7,Potential Loyalists
1862,30,19,60,3,2,3,8,Potential Loyalists
1863,14,10,36,4,1,2,7,Potential Loyalists
1864,30,39,21,3,4,1,8,Potential Loyalists
1865,90,21,72,2,3,4,9,Potential Loyalists
1866,30,12,62,3,2,3,8,Potential Loyalists
1867,14,9,44,4,1,2,7,Potential Loyalists
1868,90,20,52,2,2,3,7,Potential Loyalists
1869,14,44,58,4,5,3,12,Loyal Customers
1870,90,16,77,2,2,4,8,Potential Loyalists
1871,14,27,99,4,3,5,12,Loyal Customers
1872,90,14,96,2,2,5,9,Potential Loyalists
1873,30,24,64,3,3,3,9,Potential Loyalists
1874,7,49,44,5,5,2,12,Loyal Customers
1875,7,14,33,5,2,1,8,Potential Loyalists
1876,90,6,71,2,1,4,7,Potential Loyalists
1877,90,20,36,2,2,2,6,At Risk
1878,365,3,62,1,1,3,5,At Risk
1879,30,5,29,3,1,1,5,At Risk
1880,14,46,33,4,5,1,10,Loyal Customers
1881,30,8,33,3,1,1,5,At Risk
1882,14,13,41,4,2,2,8,Potential Loyalists
1883,90,25,54,2,3,3,8,Potential Loyalists
1884,14,39,58,4,4,3,11,Loyal Customers
1885,14,15,30,4,2,1,7,Potential Loyalists
1886,30,35,53,3,4,3,10,Loyal Customers
1887,14,46,91,4,5,5,14,Champions
1888,30,3,44,3,1,2,6,At Risk
1889,7,48,89,5,5,5,15,Champions
1890,7,27,57,5,3,3,11,Loyal Customers
1891,7,5,57,5,1,3,9,Potential Loyalists
1892,90,48,74,2,5,4,11,Loyal Customers
1893,7,12,30,5,2,1,8,Potential Loyalists
1894,14,10,20,4,1,1,6,At Risk
1895,14,48,90,4,5,5,14,Champions
1896,30,3,61,3,1,3,7,Potential Loyalists
1897,30,19,51,3,2,2,7,Potential Loyalists
1898,14,11,97,4,2,5,11,Loyal Customers
1899,30,25,97,3,3,5,11,Loyal Customers
1900,7,42,40,5,5,2,12,Loyal Customers
1901,90,34,85,2,4,5,11,Loyal Customers
1902,90,50,76,2,5,4,11,Loyal Customers
1903,30,21,22,3,3,1,7,Potential Loyalists
1904,7,37,63,5,4,3,12,Loyal Customers
1905,30,46,71,3,5,4,12,Loyal Customers
1906,14,14,35,4,2,2,8,Potential Loyalists
1907,14,24,30,4,3,1,8,Potential Loyalists
1908,90,36,74,2,4,4,10,Loyal Customers
1909,14,19,71,4,2,4,10,Loyal Customers
1910,30,12,84,3,2,4,9,Potential Loyalists
1911,90,13,38,2,2,2,6,At Risk
1912,14,32,81,4,4,4,12,Loyal Customers
1913,14,5,56,4,1,3,8,Potential Loyalists
1914,365,29,48,1,3,2,6,At Risk
1915,14,40,97,4,4,5,13,Champions
1916,7,44,74,5,5,4,14,Champions
1917,14,3,50,4,1,2,7,Potential Loyalists
1918,14,35,71,4,4,4,12,Loyal Customers
1919,30,33,33,3,4,1,8,Potential Loyalists
1920,14,20,56,4,2,3,9,Potential Loyalists
1921,90,40,84,2,4,4,10,Loyal Customers
1922,365,13,36,1,2,2,5,At Risk
1923,30,9,63,3,1,3,7,Potential Loyalists
1924,365,7,36,1,1,2,4,Low Value / Churn Risk
1925,90,42,63,2,5,3,10,Loyal Customers
1926,14,44,32,4,5,1,10,Loyal Customers
1927,365,6,93,1,1,5,7,Potential Loyalists
1928,90,8,29,2,1,1,4,Low Value / Churn Risk
1929,7,10,92,5,1,5,11,Loyal Customers
1930,90,46,33,2,5,1,8,Potential Loyalists
1931,7,26,52,5,3,3,11,Loyal Customers
1932,90,6,42,2,1,2,5,At Risk
1933,90,47,36,2,5,2,9,Potential Loyalists
1934,365,28,67,1,3,3,7,Potential Loyalists
1935,365,23,43,1,3,2,6,At Risk
1936,14,45,68,4,5,4,13,Champions
1937,90,44,60,2,5,3,10,Loyal Customers
1938,30,11,53,3,2,3,8,Potential Loyalists
1939,14,39,23,4,4,1,9,Potential Loyalists
1940,90,20,57,2,2,3,7,Potential Loyalists
1941,14,48,89,4,5,5,14,Champions
1942,90,46,99,2,5,5,12,Loyal Customers
1943,30,22,28,3,3,1,7,Potential Loyalists
1944,365,45,53,1,5,3,9,Potential Loyalists
1945,90,49,45,2,5,2,9,Potential Loyalists
1946,90,9,38,2,1,2,5,At Risk
1947,90,41,49,2,5,2,9,Potential Loyalists
1948,30,2,32,3,1,1,5,At Risk
1949,14,39,37,4,4,2,10,Loyal Customers
1950,90,12,80,2,2,4,8,Potential Loyalists
1951,90,26,78,2,3,4,9,Potential Loyalists
1952,14,32,53,4,4,3,11,Loyal Customers
1953,14,50,82,4,5,4,13,Champions
1954,14,3,33,4,1,1,6,At Risk
1955,90,3,77,2,1,4,7,Potential Loyalists
1956,30,37,56,3,4,3,10,Loyal Customers
1957,14,20,37,4,2,2,8,Potential Loyalists
1958,14,26,54,4,3,3,10,Loyal Customers
1959,90,47,67,2,5,3,10,Loyal Customers
1960,90,7,90,2,1,5,8,Potential Loyalists
1961,365,40,72,1,4,4,9,Potential Loyalists
1962,90,45,59,2,5,3,10,Loyal Customers
1963,14,20,45,4,2,2,8,Potential Loyalists
1964,7,11,30,5,2,1,8,Potential Loyalists
1965,30,50,51,3,5,2,10,Loyal Customers
1966,90,25,90,2,3,5,10,Loyal Customers
1967,14,5,95,4,1,5,10,Loyal Customers
1968,365,4,81,1,1,4,6,At Risk
1969,7,25,70,5,3,4,12,Loyal Customers
1970,14,11,32,4,2,1,7,Potential Loyalists
1971,14,4,94,4,1,5,10,Loyal Customers
1972,30,1,29,3,1,1,5,At Risk
1973,90,48,31,2,5,1,8,Potential Loyalists
1974,90,9,20,2,1,1,4,Low Value / Churn Risk
1975,14,2,44,4,1,2,7,Potential Loyalists
1976,90,4,77,2,1,4,7,Potential Loyalists
1977,14,43,51,4,5,2,11,Loyal Customers
1978,365,32,49,1,4,2,7,Potential Loyalists
1979,90,1,78,2,1,4,7,Potential Loyalists
1980,14,38,98,4,4,5,13,Champions
1981,14,25,94,4,3,5,12,Loyal Customers
1982,90,42,91,2,5,5,12,Loyal Customers
1983,30,32,77,3,4,4,11,Loyal Customers
1984,90,21,97,2,3,5,10,Loyal Customers
1985,14,26,58,4,3,3,10,Loyal Customers
1986,14,6,97,4,1,5,10,Loyal Customers
1987,90,14,48,2,2,2,6,At Risk
1988,90,4,23,2,1,1,4,Low Value / Churn Risk
1989,7,26,79,5,3,4,12,Loyal Customers
1990,14,39,42,4,4,2,10,Loyal Customers
1991,365,15,95,1,2,5,8,Potential Loyalists
1992,90,1,29,2,1,1,4,Low Value / Churn Risk
1993,30,28,98,3,3,5,11,Loyal Customers
1994,7,17,96,5,2,5,12,Loyal Customers
1995,7,24,66,5,3,3,11,Loyal Customers
1996,90,29,80,2,3,4,9,Potential Loyalists
1997,90,18,27,2,2,1,5,At Risk
1998,14,10,25,4,1,1,6,At Risk
1999,90,19,45,2,2,2,6,At Risk
2000,30,26,89,3,3,5,11,Loyal Customers
2001,14,25,27,4,3,1,8,Potential Loyalists
2002,14,2,90,4,1,5,10,Loyal Customers
2003,90,19,65,2,2,3,7,Potential Loyalists
2004,90,32,72,2,4,4,10,Loyal Customers
2005,14,13,70,4,2,4,10,Loyal Customers
2006,14,30,82,4,3,4,11,Loyal Customers
2007,365,2,97,1,1,5,7,Potential Loyalists
2008,90,8,25,2,1,1,4,Low Value / Churn Risk
2009,90,27,48,2,3,2,7,Potential Loyalists
2010,14,26,99,4,3,5,12,Loyal Customers
2011,14,3,21,4,1,1,6,At Risk
2012,30,4,94,3,1,5,9,Potential Loyalists
2013,14,5,53,4,1,3,8,Potential Loyalists
2014,90,25,70,2,3,4,9,Potential Loyalists
2015,14,47,26,4,5,1,10,Loyal Customers
2016,14,8,82,4,1,4,9,Potential Loyalists
2017,14,20,47,4,2,2,8,Potential Loyalists
2018,90,42,32,2,5,1,8,Potential Loyalists
2019,7,20,97,5,2,5,12,Loyal Customers
2020,14,23,68,4,3,4,11,Loyal Customers
2021,90,26,23,2,3,1,6,At Risk
2022,90,48,33,2,5,1,8,Potential Loyalists
2023,14,16,38,4,2,2,8,Potential Loyalists
2024,14,28,68,4,3,4,11,Loyal Customers
2025,7,39,23,5,4,1,10,Loyal Customers
2026,14,43,29,4,5,1,10,Loyal Customers
2027,90,45,35,2,5,2,9,Potential Loyalists
2028,90,50,73,2,5,4,11,Loyal Customers
2029,14,10,84,4,1,4,9,Potential Loyalists
2030,90,40,23,2,4,1,7,Potential Loyalists
2031,30,38,67,3,4,3,10,Loyal Customers
2032,30,2,51,3,1,2,6,At Risk
2033,365,13,36,1,2,2,5,At Risk
2034,365,33,55,1,4,3,8,Potential Loyalists
2035,30,27,30,3,3,1,7,Potential Loyalists
2036,7,43,70,5,5,4,14,Champions
2037,7,46,63,5,5,3,13,Champions
2038,14,7,87,4,1,5,10,Loyal Customers
2039,14,35,70,4,4,4,12,Loyal Customers
2040,14,31,51,4,4,2,10,Loyal Customers
2041,90,42,25,2,5,1,8,Potential Loyalists
2042,14,14,32,4,2,1,7,Potential Loyalists
2043,30,35,52,3,4,3,10,Loyal Customers
2044,7,49,33,5,5,1,11,Loyal Customers
2045,14,17,68,4,2,4,10,Loyal Customers
2046,90,26,20,2,3,1,6,At Risk
2047,90,30,32,2,3,1,6,At Risk
2048,365,32,82,1,4,4,9,Potential Loyalists
2049,90,35,64,2,4,3,9,Potential Loyalists
2050,365,15,24,1,2,1,4,Low Value / Churn Risk
2051,365,10,96,1,1,5,7,Potential Loyalists
2052,30,14,94,3,2,5,10,Loyal Customers
2053,365,30,48,1,3,2,6,At Risk
2054,14,16,60,4,2,3,9,Potential Loyalists
2055,365,14,56,1,2,3,6,At Risk
2056,7,28,33,5,3,1,9,Potential Loyalists
2057,30,29,46,3,3,2,8,Potential Loyalists
2058,90,5,37,2,1,2,5,At Risk
2059,90,17,98,2,2,5,9,Potential Loyalists
2060,7,50,50,5,5,2,12,Loyal Customers
2061,90,23,63,2,3,3,8,Potential Loyalists
2062,365,22,70,1,3,4,8,Potential Loyalists
2063,90,15,63,2,2,3,7,Potential Loyalists
2064,30,32,86,3,4,5,12,Loyal Customers
2065,30,5,99,3,1,5,9,Potential Loyalists
2066,14,6,40,4,1,2,7,Potential Loyalists
2067,14,44,92,4,5,5,14,Champions
2068,14,23,21,4,3,1,8,Potential Loyalists
2069,30,44,81,3,5,4,12,Loyal Customers
2070,90,3,82,2,1,4,7,Potential Loyalists
2071,30,14,88,3,2,5,10,Loyal Customers
2072,90,37,100,2,4,5,11,Loyal Customers
2073,7,22,66,5,3,3,11,Loyal Customers
2074,90,2,25,2,1,1,4,Low Value / Churn Risk
2075,14,44,53,4,5,3,12,Loyal Customers
2076,30,49,28,3,5,1,9,Potential Loyalists
2077,14,22,23,4,3,1,8,Potential Loyalists
2078,365,26,34,1,3,1,5,At Risk
2079,7,40,42,5,4,2,11,Loyal Customers
2080,90,16,24,2,2,1,5,At Risk
2081,14,17,47,4,2,2,8,Potential Loyalists
2082,14,48,78,4,5,4,13,Champions
2083,90,28,89,2,3,5,10,Loyal Customers
2084,14,26,59,4,3,3,10,Loyal Customers
2085,90,43,94,2,5,5,12,Loyal Customers
2086,7,38,49,5,4,2,11,Loyal Customers
2087,90,36,89,2,4,5,11,Loyal Customers
2088,7,1,91,5,1,5,11,Loyal Customers
2089,365,49,89,1,5,5,11,Loyal Customers
2090,90,41,57,2,5,3,10,Loyal Customers
2091,30,21,71,3,3,4,10,Loyal Customers
2092,90,24,97,2,3,5,10,Loyal Customers
2093,7,27,45,5,3,2,10,Loyal Customers
2094,365,4,91,1,1,5,7,Potential Loyalists
2095,365,19,25,1,2,1,4,Low Value / Churn Risk
2096,14,1,63,4,1,3,8,Potential Loyalists
2097,365,27,52,1,3,3,7,Potential Loyalists
2098,7,5,43,5,1,2,8,Potential Loyalists
2099,90,20,28,2,2,1,5,At Risk
2100,365,50,78,1,5,4,10,Loyal Customers
2101,14,36,31,4,4,1,9,Potential Loyalists
2102,14,12,23,4,2,1,7,Potential Loyalists
2103,30,23,25,3,3,1,7,Potential Loyalists
2104,7,21,86,5,3,5,13,Champions
2105,7,47,88,5,5,5,15,Champions
2106,14,38,35,4,4,2,10,Loyal Customers
2107,90,40,34,2,4,1,7,Potential Loyalists
2108,90,35,75,2,4,4,10,Loyal Customers
2109,90,4,46,2,1,2,5,At Risk
2110,90,28,31,2,3,1,6,At Risk
2111,90,36,93,2,4,5,11,Loyal Customers
2112,365,15,85,1,2,5,8,Potential Loyalists
2113,14,7,68,4,1,4,9,Potential Loyalists
2114,90,29,40,2,3,2,7,Potential Loyalists
2115,365,12,51,1,2,2,5,At Risk
2116,14,16,85,4,2,5,11,Loyal Customers
2117,14,50,23,4,5,1,10,Loyal Customers
2118,365,11,28,1,2,1,4,Low Value / Churn Risk
2119,90,28,44,2,3,2,7,Potential Loyalists
2120,14,36,57,4,4,3,11,Loyal Customers
2121,90,38,98,2,4,5,11,Loyal Customers
2122,30,32,68,3,4,4,11,Loyal Customers
2123,7,42,36,5,5,2,12,Loyal Customers
2124,14,22,71,4,3,4,11,Loyal Customers
2125,90,22,60,2,3,3,8,Potential Loyalists
2126,90,31,87,2,4,5,11,Loyal Customers
2127,30,28,38,3,3,2,8,Potential Loyalists
2128,7,40,45,5,4,2,11,Loyal Customers
2129,7,21,47,5,3,2,10,Loyal Customers
2130,90,12,57,2,2,3,7,Potential Loyalists
2131,365,33,68,1,4,4,9,Potential Loyalists
2132,14,9,52,4,1,3,8,Potential Loyalists
2133,7,15,87,5,2,5,12,Loyal Customers
2134,365,13,34,1,2,1,4,Low Value / Churn Risk
2135,14,35,41,4,4,2,10,Loyal Customers
2136,90,1,94,2,1,5,8,Potential Loyalists
2137,14,25,93,4,3,5,12,Loyal Customers
2138,90,20,51,2,2,2,6,At Risk
2139,90,36,42,2,4,2,8,Potential Loyalists
2140,7,33,95,5,4,5,14,Champions
2141,14,36,90,4,4,5,13,Champions
2142,365,32,98,1,4,5,10,Loyal Customers
2143,90,21,39,2,3,2,7,Potential Loyalists
2144,14,48,66,4,5,3,12,Loyal Customers
2145,90,25,23,2,3,1,6,At Risk
2146,365,32,73,1,4,4,9,Potential Loyalists
2147,90,45,23,2,5,1,8,Potential Loyalists
2148,14,4,43,4,1,2,7,Potential Loyalists
2149,14,19,45,4,2,2,8,Potential Loyalists
2150,7,1,21,5,1,1,7,Potential Loyalists
2151,7,12,40,5,2,2,9,Potential Loyalists
2152,30,18,58,3,2,3,8,Potential Loyalists
2153,14,43,48,4,5,2,11,Loyal Customers
2154,365,31,94,1,4,5,10,Loyal Customers
2155,90,33,74,2,4,4,10,Loyal Customers
2156,30,46,51,3,5,2,10,Loyal Customers
2157,14,41,83,4,5,4,13,Champions
2158,14,41,68,4,5,4,13,Champions
2159,14,9,84,4,1,4,9,Potential Loyalists
2160,365,34,58,1,4,3,8,Potential Loyalists
2161,365,21,92,1,3,5,9,Potential Loyalists
2162,14,5,69,4,1,4,9,Potential Loyalists
2163,7,32,48,5,4,2,11,Loyal Customers
2164,30,44,60,3,5,3,11,Loyal Customers
2165,14,46,20,4,5,1,10,Loyal Customers
2166,90,42,55,2,5,3,10,Loyal Customers
2167,14,50,88,4,5,5,14,Champions
2168,14,33,48,4,4,2,10,Loyal Customers
2169,90,32,74,2,4,4,10,Loyal Customers
2170,14,32,42,4,4,2,10,Loyal Customers
2171,90,37,32,2,4,1,7,Potential Loyalists
2172,14,9,98,4,1,5,10,Loyal Customers
2173,14,6,89,4,1,5,10,Loyal Customers
2174,90,36,97,2,4,5,11,Loyal Customers
2175,365,1,49,1,1,2,4,Low Value / Churn Risk
2176,14,48,50,4,5,2,11,Loyal Customers
2177,90,44,91,2,5,5,12,Loyal Customers
2178,14,9,93,4,1,5,10,Loyal Customers
2179,365,32,98,1,4,5,10,Loyal Customers
2180,30,14,82,3,2,4,9,Potential Loyalists
2181,90,43,37,2,5,2,9,Potential Loyalists
2182,14,32,63,4,4,3,11,Loyal Customers
2183,14,26,99,4,3,5,12,Loyal Customers
2184,30,2,37,3,1,2,6,At Risk
2185,90,16,34,2,2,1,5,At Risk
2186,90,50,32,2,5,1,8,Potential Loyalists
2187,90,6,23,2,1,1,4,Low Value / Churn Risk
2188,365,20,78,1,2,4,7,Potential Loyalists
2189,7,9,54,5,1,3,9,Potential Loyalists
2190,14,47,94,4,5,5,14,Champions
2191,365,33,75,1,4,4,9,Potential Loyalists
2192,14,46,69,4,5,4,13,Champions
2193,30,9,35,3,1,2,6,At Risk
2194,30,8,78,3,1,4,8,Potential Loyalists
2195,90,48,29,2,5,1,8,Potential Loyalists
2196,30,2,62,3,1,3,7,Potential Loyalists
2197,7,31,58,5,4,3,12,Loyal Customers
2198,30,40,88,3,4,5,12,Loyal Customers
2199,30,35,80,3,4,4,11,Loyal Customers
2200,30,40,47,3,4,2,9,Potential Loyalists
2201,90,27,51,2,3,2,7,Potential Loyalists
2202,365,10,25,1,1,1,3,Low Value / Churn Risk
2203,7,23,36,5,3,2,10,Loyal Customers
2204,90,32,79,2,4,4,10,Loyal Customers
2205,30,6,41,3,1,2,6,At Risk
2206,7,27,68,5,3,4,12,Loyal Customers
2207,14,25,51,4,3,2,9,Potential Loyalists
2208,365,11,38,1,2,2,5,At Risk
2209,30,23,46,3,3,2,8,Potential Loyalists
2210,90,44,20,2,5,1,8,Potential Loyalists
2211,14,35,25,4,4,1,9,Potential Loyalists
2212,90,45,89,2,5,5,12,Loyal Customers
2213,90,22,77,2,3,4,9,Potential Loyalists
2214,90,18,94,2,2,5,9,Potential Loyalists
2215,7,20,100,5,2,5,12,Loyal Customers
2216,14,28,96,4,3,5,12,Loyal Customers
2217,14,15,36,4,2,2,8,Potential Loyalists
2218,14,42,27,4,5,1,10,Loyal Customers
2219,90,20,67,2,2,3,7,Potential Loyalists
2220,14,16,91,4,2,5,11,Loyal Customers
2221,365,47,62,1,5,3,9,Potential Loyalists
2222,365,34,88,1,4,5,10,Loyal Customers
2223,7,30,66,5,3,3,11,Loyal Customers
2224,90,5,65,2,1,3,6,At Risk
2225,90,38,25,2,4,1,7,Potential Loyalists
2226,365,18,64,1,2,3,6,At Risk
2227,365,28,72,1,3,4,8,Potential Loyalists
2228,14,42,74,4,5,4,13,Champions
2229,7,5,50,5,1,2,8,Potential Loyalists
2230,30,50,97,3,5,5,13,Champions
2231,14,33,36,4,4,2,10,Loyal Customers
2232,7,1,49,5,1,2,8,Potential Loyalists
2233,14,14,64,4,2,3,9,Potential Loyalists
2234,30,48,31,3,5,1,9,Potential Loyalists
2235,7,26,66,5,3,3,11,Loyal Customers
2236,365,44,82,1,5,4,10,Loyal Customers
2237,14,18,88,4,2,5,11,Loyal Customers
2238,90,31,34,2,4,1,7,Potential Loyalists
2239,7,18,84,5,2,4,11,Loyal Customers
2240,90,41,96,2,5,5,12,Loyal Customers
2241,90,18,71,2,2,4,8,Potential Loyalists
2242,14,3,77,4,1,4,9,Potential Loyalists
2243,14,5,66,4,1,3,8,Potential Loyalists
2244,365,13,21,1,2,1,4,Low Value / Churn Risk
2245,365,22,37,1,3,2,6,At Risk
2246,14,45,90,4,5,5,14,Champions
2247,90,39,96,2,4,5,11,Loyal Customers
2248,365,18,37,1,2,2,5,At Risk
2249,14,19,66,4,2,3,9,Potential Loyalists
2250,7,29,45,5,3,2,10,Loyal Customers
2251,7,19,89,5,2,5,12,Loyal Customers
2252,30,22,94,3,3,5,11,Loyal Customers
2253,365,21,96,1,3,5,9,Potential Loyalists
2254,30,22,31,3,3,1,7,Potential Loyalists
2255,90,44,79,2,5,4,11,Loyal Customers
2256,90,42,39,2,5,2,9,Potential Loyalists
2257,90,33,22,2,4,1,7,Potential Loyalists
2258,365,6,32,1,1,1,3,Low Value / Churn Risk
2259,90,44,71,2,5,4,11,Loyal Customers
2260,365,24,96,1,3,5,9,Potential Loyalists
2261,90,16,82,2,2,4,8,Potential Loyalists
2262,14,12,76,4,2,4,10,Loyal Customers
2263,30,50,22,3,5,1,9,Potential Loyalists
2264,90,42,40,2,5,2,9,Potential Loyalists
2265,30,50,92,3,5,5,13,Champions
2266,90,10,94,2,1,5,8,Potential Loyalists
2267,7,32,44,5,4,2,11,Loyal Customers
2268,7,37,49,5,4,2,11,Loyal Customers
2269,30,15,26,3,2,1,6,At Risk
2270,365,27,38,1,3,2,6,At Risk
2271,7,7,72,5,1,4,10,Loyal Customers
2272,90,49,99,2,5,5,12,Loyal Customers
2273,30,44,38,3,5,2,10,Loyal Customers
2274,14,13,96,4,2,5,11,Loyal Customers
2275,14,38,27,4,4,1,9,Potential Loyalists
2276,7,10,24,5,1,1,7,Potential Loyalists
2277,7,25,82,5,3,4,12,Loyal Customers
2278,90,18,56,2,2,3,7,Potential Loyalists
2279,90,6,25,2,1,1,4,Low Value / Churn Risk
2280,90,35,67,2,4,3,9,Potential Loyalists
2281,14,31,21,4,4,1,9,Potential Loyalists
2282,365,41,27,1,5,1,7,Potential Loyalists
2283,365,8,97,1,1,5,7,Potential Loyalists
2284,14,34,45,4,4,2,10,Loyal Customers
2285,365,20,63,1,2,3,6,At Risk
2286,90,38,100,2,4,5,11,Loyal Customers
2287,90,35,38,2,4,2,8,Potential Loyalists
2288,365,6,45,1,1,2,4,Low Value / Churn Risk
2289,7,50,91,5,5,5,15,Champions
2290,7,47,82,5,5,4,14,Champions
2291,90,23,48,2,3,2,7,Potential Loyalists
2292,90,13,30,2,2,1,5,At Risk
2293,30,31,34,3,4,1,8,Potential Loyalists
2294,90,16,68,2,2,4,8,Potential Loyalists
2295,365,40,95,1,4,5,10,Loyal Customers
2296,90,45,22,2,5,1,8,Potential Loyalists
2297,90,50,88,2,5,5,12,Loyal Customers
2298,90,1,83,2,1,4,7,Potential Loyalists
2299,90,10,87,2,1,5,8,Potential Loyalists
2300,90,48,57,2,5,3,10,Loyal Customers
2301,30,38,88,3,4,5,12,Loyal Customers
2302,365,21,20,1,3,1,5,At Risk
2303,30,38,39,3,4,2,9,Potential Loyalists
2304,14,31,71,4,4,4,12,Loyal Customers
2305,14,9,73,4,1,4,9,Potential Loyalists
2306,7,47,63,5,5,3,13,Champions
2307,14,8,78,4,1,4,9,Potential Loyalists
2308,365,30,96,1,3,5,9,Potential Loyalists
2309,90,22,81,2,3,4,9,Potential Loyalists
2310,90,3,95,2,1,5,8,Potential Loyalists
2311,30,15,68,3,2,4,9,Potential Loyalists
2312,90,10,28,2,1,1,4,Low Value / Churn Risk
2313,90,19,30,2,2,1,5,At Risk
2314,14,36,31,4,4,1,9,Potential Loyalists
2315,90,12,95,2,2,5,9,Potential Loyalists
2316,90,49,79,2,5,4,11,Loyal Customers
2317,365,7,39,1,1,2,4,Low Value / Churn Risk
2318,30,28,34,3,3,1,7,Potential Loyalists
2319,365,30,28,1,3,1,5,At Risk
2320,30,29,38,3,3,2,8,Potential Loyalists
2321,90,9,55,2,1,3,6,At Risk
2322,14,27,31,4,3,1,8,Potential Loyalists
2323,14,21,84,4,3,4,11,Loyal Customers
2324,30,36,93,3,4,5,12,Loyal Customers
2325,365,19,28,1,2,1,4,Low Value / Churn Risk
2326,7,47,55,5,5,3,13,Champions
2327,365,38,63,1,4,3,8,Potential Loyalists
2328,14,22,94,4,3,5,12,Loyal Customers
2329,14,29,36,4,3,2,9,Potential Loyalists
2330,365,42,97,1,5,5,11,Loyal Customers
2331,90,47,63,2,5,3,10,Loyal Customers
2332,14,10,77,4,1,4,9,Potential Loyalists
2333,30,10,53,3,1,3,7,Potential Loyalists
2334,90,1,77,2,1,4,7,Potential Loyalists
2335,30,7,79,3,1,4,8,Potential Loyalists
2336,14,10,37,4,1,2,7,Potential Loyalists
2337,7,11,94,5,2,5,12,Loyal Customers
2338,365,5,76,1,1,4,6,At Risk
2339,90,21,68,2,3,4,9,Potential Loyalists
2340,90,24,65,2,3,3,8,Potential Loyalists
2341,14,37,24,4,4,1,9,Potential Loyalists
2342,90,22,31,2,3,1,6,At Risk
2343,14,16,89,4,2,5,11,Loyal Customers
2344,30,44,49,3,5,2,10,Loyal Customers
2345,14,14,92,4,2,5,11,Loyal Customers
2346,90,23,32,2,3,1,6,At Risk
2347,14,46,67,4,5,3,12,Loyal Customers
2348,90,46,64,2,5,3,10,Loyal Customers
2349,90,16,84,2,2,4,8,Potential Loyalists
2350,90,40,34,2,4,1,7,Potential Loyalists
2351,365,21,26,1,3,1,5,At Risk
2352,14,25,50,4,3,2,9,Potential Loyalists
2353,90,25,46,2,3,2,7,Potential Loyalists
2354,90,25,71,2,3,4,9,Potential Loyalists
2355,30,27,78,3,3,4,10,Loyal Customers
2356,30,12,35,3,2,2,7,Potential Loyalists
2357,90,27,58,2,3,3,8,Potential Loyalists
2358,14,40,67,4,4,3,11,Loyal Customers
2359,90,38,93,2,4,5,11,Loyal Customers
2360,90,44,81,2,5,4,11,Loyal Customers
2361,90,27,80,2,3,4,9,Potential Loyalists
2362,90,30,64,2,3,3,8,Potential Loyalists
2363,30,24,41,3,3,2,8,Potential Loyalists
2364,14,38,79,4,4,4,12,Loyal Customers
2365,90,4,60,2,1,3,6,At Risk
2366,30,32,91,3,4,5,12,Loyal Customers
2367,14,32,66,4,4,3,11,Loyal Customers
2368,14,28,85,4,3,5,12,Loyal Customers
2369,90,6,38,2,1,2,5,At Risk
2370,30,24,23,3,3,1,7,Potential Loyalists
2371,7,38,71,5,4,4,13,Champions
2372,365,28,25,1,3,1,5,At Risk
2373,14,9,39,4,1,2,7,Potential Loyalists
2374,90,21,20,2,3,1,6,At Risk
2375,30,31,73,3,4,4,11,Loyal Customers
2376,90,18,63,2,2,3,7,Potential Loyalists
2377,7,5,94,5,1,5,11,Loyal Customers
2378,365,22,94,1,3,5,9,Potential Loyalists
2379,14,37,71,4,4,4,12,Loyal Customers
2380,30,22,77,3,3,4,10,Loyal Customers
2381,14,36,66,4,4,3,11,Loyal Customers
2382,365,23,23,1,3,1,5,At Risk
2383,7,44,60,5,5,3,13,Champions
2384,365,25,72,1,3,4,8,Potential Loyalists
2385,90,40,35,2,4,2,8,Potential Loyalists
2386,7,12,31,5,2,1,8,Potential Loyalists
2387,30,14,33,3,2,1,6,At Risk
2388,30,14,95,3,2,5,10,Loyal Customers
2389,365,10,68,1,1,4,6,At Risk
2390,90,17,87,2,2,5,9,Potential Loyalists
2391,14,24,64,4,3,3,10,Loyal Customers
2392,90,31,74,2,4,4,10,Loyal Customers
2393,365,36,62,1,4,3,8,Potential Loyalists
2394,90,38,97,2,4,5,11,Loyal Customers
2395,14,23,47,4,3,2,9,Potential Loyalists
2396,14,47,83,4,5,4,13,Champions
2397,7,20,82,5,2,4,11,Loyal Customers
2398,30,41,26,3,5,1,9,Potential Loyalists
2399,14,44,81,4,5,4,13,Champions
2400,30,31,44,3,4,2,9,Potential Loyalists
2401,14,11,88,4,2,5,11,Loyal Customers
2402,14,25,76,4,3,4,11,Loyal Customers
2403,7,31,89,5,4,5,14,Champions
2404,7,40,22,5,4,1,10,Loyal Customers
2405,14,23,33,4,3,1,8,Potential Loyalists
2406,90,5,97,2,1,5,8,Potential Loyalists
2407,7,26,57,5,3,3,11,Loyal Customers
2408,14,11,38,4,2,2,8,Potential Loyalists
2409,90,44,55,2,5,3,10,Loyal Customers
2410,90,47,37,2,5,2,9,Potential Loyalists
2411,30,46,43,3,5,2,10,Loyal Customers
2412,90,35,96,2,4,5,11,Loyal Customers
2413,14,8,51,4,1,2,7,Potential Loyalists
2414,7,30,95,5,3,5,13,Champions
2415,14,14,26,4,2,1,7,Potential Loyalists
2416,7,30,34,5,3,1,9,Potential Loyalists
2417,90,26,83,2,3,4,9,Potential Loyalists
2418,14,32,24,4,4,1,9,Potential Loyalists
2419,90,47,69,2,5,4,11,Loyal Customers
2420,90,11,40,2,2,2,6,At Risk
2421,365,28,87,1,3,5,9,Potential Loyalists
2422,90,2,46,2,1,2,5,At Risk
2423,7,45,82,5,5,4,14,Champions
2424,90,7,81,2,1,4,7,Potential Loyalists
2425,14,28,57,4,3,3,10,Loyal Customers
2426,90,34,49,2,4,2,8,Potential Loyalists
2427,90,26,42,2,3,2,7,Potential Loyalists
2428,90,45,26,2,5,1,8,Potential Loyalists
2429,365,34,38,1,4,2,7,Potential Loyalists
2430,14,47,57,4,5,3,12,Loyal Customers
2431,90,42,100,2,5,5,12,Loyal Customers
2432,90,27,73,2,3,4,9,Potential Loyalists
2433,30,43,66,3,5,3,11,Loyal Customers
2434,14,16,73,4,2,4,10,Loyal Customers
2435,30,40,45,3,4,2,9,Potential Loyalists
2436,14,29,27,4,3,1,8,Potential Loyalists
2437,90,38,24,2,4,1,7,Potential Loyalists
2438,7,34,59,5,4,3,12,Loyal Customers
2439,7,30,20,5,3,1,9,Potential Loyalists
2440,365,45,44,1,5,2,8,Potential Loyalists
2441,365,47,90,1,5,5,11,Loyal Customers
2442,30,5,36,3,1,2,6,At Risk
2443,14,50,95,4,5,5,14,Champions
2444,14,24,30,4,3,1,8,Potential Loyalists
2445,14,15,65,4,2,3,9,Potential Loyalists
2446,7,50,96,5,5,5,15,Champions
2447,30,7,65,3,1,3,7,Potential Loyalists
2448,14,10,47,4,1,2,7,Potential Loyalists
2449,14,38,25,4,4,1,9,Potential Loyalists
2450,14,31,56,4,4,3,11,Loyal Customers
2451,90,7,76,2,1,4,7,Potential Loyalists
2452,30,27,60,3,3,3,9,Potential Loyalists
2453,90,45,67,2,5,3,10,Loyal Customers
2454,365,13,95,1,2,5,8,Potential Loyalists
2455,365,33,72,1,4,4,9,Potential Loyalists
2456,90,25,98,2,3,5,10,Loyal Customers
2457,30,5,83,3,1,4,8,Potential Loyalists
2458,90,23,37,2,3,2,7,Potential Loyalists
2459,7,17,85,5,2,5,12,Loyal Customers
2460,7,14,36,5,2,2,9,Potential Loyalists
2461,365,28,36,1,3,2,6,At Risk
2462,7,19,86,5,2,5,12,Loyal Customers
2463,14,31,99,4,4,5,13,Champions
2464,14,25,21,4,3,1,8,Potential Loyalists
2465,14,4,84,4,1,4,9,Potential Loyalists
2466,7,20,63,5,2,3,10,Loyal Customers
2467,365,37,84,1,4,4,9,Potential Loyalists
2468,365,28,72,1,3,4,8,Potential Loyalists
2469,7,6,21,5,1,1,7,Potential Loyalists
2470,365,27,92,1,3,5,9,Potential Loyalists
2471,14,29,72,4,3,4,11,Loyal Customers
2472,365,1,83,1,1,4,6,At Risk
2473,365,31,73,1,4,4,9,Potential Loyalists
2474,90,28,98,2,3,5,10,Loyal Customers
2475,90,19,76,2,2,4,8,Potential Loyalists
2476,30,36,43,3,4,2,9,Potential Loyalists
2477,30,28,60,3,3,3,9,Potential Loyalists
2478,7,29,40,5,3,2,10,Loyal Customers
2479,90,9,93,2,1,5,8,Potential Loyalists
2480,90,26,98,2,3,5,10,Loyal Customers
2481,14,7,91,4,1,5,10,Loyal Customers
2482,7,35,92,5,4,5,14,Champions
2483,90,46,87,2,5,5,12,Loyal Customers
2484,30,8,96,3,1,5,9,Potential Loyalists
2485,90,50,97,2,5,5,12,Loyal Customers
2486,365,37,55,1,4,3,8,Potential Loyalists
2487,14,6,58,4,1,3,8,Potential Loyalists
2488,14,16,21,4,2,1,7,Potential Loyalists
2489,30,30,82,3,3,4,10,Loyal Customers
2490,90,50,34,2,5,1,8,Potential Loyalists
2491,90,5,78,2,1,4,7,Potential Loyalists
2492,30,15,47,3,2,2,7,Potential Loyalists
2493,14,34,96,4,4,5,13,Champions
2494,90,6,23,2,1,1,4,Low Value / Churn Risk
2495,365,26,27,1,3,1,5,At Risk
2496,90,34,37,2,4,2,8,Potential Loyalists
2497,7,37,79,5,4,4,13,Champions
2498,365,28,40,1,3,2,6,At Risk
2499,14,38,39,4,4,2,10,Loyal Customers
2500,90,2,73,2,1,4,7,Potential Loyalists
2501,14,32,84,4,4,4,12,Loyal Customers
2502,14,30,94,4,3,5,12,Loyal Customers
2503,90,17,47,2,2,2,6,At Risk
2504,14,5,77,4,1,4,9,Potential Loyalists
2505,14,31,94,4,4,5,13,Champions
2506,90,43,75,2,5,4,11,Loyal Customers
2507,365,19,82,1,2,4,7,Potential Loyalists
2508,90,32,36,2,4,2,8,Potential Loyalists
2509,14,5,90,4,1,5,10,Loyal Customers
2510,90,9,48,2,1,2,5,At Risk
2511,7,48,42,5,5,2,12,Loyal Customers
2512,90,1,33,2,1,1,4,Low Value / Churn Risk
2513,30,20,63,3,2,3,8,Potential Loyalists
2514,365,42,53,1,5,3,9,Potential Loyalists
2515,14,45,37,4,5,2,11,Loyal Customers
2516,30,41,92,3,5,5,13,Champions
2517,90,36,73,2,4,4,10,Loyal Customers
2518,365,10,38,1,1,2,4,Low Value / Churn Risk
2519,365,31,51,1,4,2,7,Potential Loyalists
2520,90,21,90,2,3,5,10,Loyal Customers
2521,90,16,56,2,2,3,7,Potential Loyalists
2522,90,18,33,2,2,1,5,At Risk
2523,7,20,53,5,2,3,10,Loyal Customers
2524,365,21,24,1,3,1,5,At Risk
2525,90,23,59,2,3,3,8,Potential Loyalists
2526,7,20,72,5,2,4,11,Loyal Customers
2527,14,30,28,4,3,1,8,Potential Loyalists
2528,90,33,36,2,4,2,8,Potential Loyalists
2529,30,31,47,3,4,2,9,Potential Loyalists
2530,30,48,62,3,5,3,11,Loyal Customers
2531,7,28,98,5,3,5,13,Champions
2532,90,7,28,2,1,1,4,Low Value / Churn Risk
2533,7,4,86,5,1,5,11,Loyal Customers
2534,14,49,46,4,5,2,11,Loyal Customers
2535,7,22,42,5,3,2,10,Loyal Customers
2536,14,39,80,4,4,4,12,Loyal Customers
2537,90,45,39,2,5,2,9,Potential Loyalists
2538,14,30,49,4,3,2,9,Potential Loyalists
2539,14,33,32,4,4,1,9,Potential Loyalists
2540,14,24,73,4,3,4,11,Loyal Customers
2541,90,11,42,2,2,2,6,At Risk
2542,90,13,58,2,2,3,7,Potential Loyalists
2543,365,27,22,1,3,1,5,At Risk
2544,14,30,56,4,3,3,10,Loyal Customers
2545,90,39,70,2,4,4,10,Loyal Customers
2546,365,10,50,1,1,2,4,Low Value / Churn Risk
2547,90,4,21,2,1,1,4,Low Value / Churn Risk
2548,7,16,97,5,2,5,12,Loyal Customers
2549,30,34,63,3,4,3,10,Loyal Customers
2550,90,11,60,2,2,3,7,Potential Loyalists
2551,14,30,52,4,3,3,10,Loyal Customers
2552,365,40,32,1,4,1,6,At Risk
2553,365,13,48,1,2,2,5,At Risk
2554,90,28,25,2,3,1,6,At Risk
2555,14,49,68,4,5,4,13,Champions
2556,7,23,74,5,3,4,12,Loyal Customers
2557,90,4,88,2,1,5,8,Potential Loyalists
2558,14,17,23,4,2,1,7,Potential Loyalists
2559,14,24,32,4,3,1,8,Potential Loyalists
2560,90,21,71,2,3,4,9,Potential Loyalists
2561,14,17,62,4,2,3,9,Potential Loyalists
2562,90,22,20,2,3,1,6,At Risk
2563,14,27,62,4,3,3,10,Loyal Customers
2564,90,1,81,2,1,4,7,Potential Loyalists
2565,7,27,90,5,3,5,13,Champions
2566,90,8,43,2,1,2,5,At Risk
2567,90,43,38,2,5,2,9,Potential Loyalists
2568,14,24,25,4,3,1,8,Potential Loyalists
2569,14,29,98,4,3,5,12,Loyal Customers
2570,14,10,75,4,1,4,9,Potential Loyalists
2571,14,12,27,4,2,1,7,Potential Loyalists
2572,14,48,27,4,5,1,10,Loyal Customers
2573,90,40,42,2,4,2,8,Potential Loyalists
2574,365,1,90,1,1,5,7,Potential Loyalists
2575,14,26,63,4,3,3,10,Loyal Customers
2576,365,9,96,1,1,5,7,Potential Loyalists
2577,90,19,40,2,2,2,6,At Risk
2578,30,37,39,3,4,2,9,Potential Loyalists
2579,90,3,48,2,1,2,5,At Risk
2580,7,40,20,5,4,1,10,Loyal Customers
2581,90,13,29,2,2,1,5,At Risk
2582,30,48,81,3,5,4,12,Loyal Customers
2583,90,4,98,2,1,5,8,Potential Loyalists
2584,7,9,93,5,1,5,11,Loyal Customers
2585,14,26,30,4,3,1,8,Potential Loyalists
2586,7,19,37,5,2,2,9,Potential Loyalists
2587,90,1,28,2,1,1,4,Low Value / Churn Risk
2588,90,29,29,2,3,1,6,At Risk
2589,14,38,49,4,4,2,10,Loyal Customers
2590,365,31,53,1,4,3,8,Potential Loyalists
2591,365,35,66,1,4,3,8,Potential Loyalists
2592,90,40,61,2,4,3,9,Potential Loyalists
2593,90,13,23,2,2,1,5,At Risk
2594,90,9,36,2,1,2,5,At Risk
2595,90,25,81,2,3,4,9,Potential Loyalists
2596,14,3,56,4,1,3,8,Potential Loyalists
2597,30,35,78,3,4,4,11,Loyal Customers
2598,14,13,25,4,2,1,7,Potential Loyalists
2599,365,31,86,1,4,5,10,Loyal Customers
2600,30,48,99,3,5,5,13,Champions
2601,14,6,83,4,1,4,9,Potential Loyalists
2602,30,43,33,3,5,1,9,Potential Loyalists
2603,90,1,44,2,1,2,5,At Risk
2604,365,8,58,1,1,3,5,At Risk
2605,7,6,54,5,1,3,9,Potential Loyalists
2606,14,32,93,4,4,5,13,Champions
2607,14,46,98,4,5,5,14,Champions
2608,90,38,36,2,4,2,8,Potential Loyalists
2609,14,48,68,4,5,4,13,Champions
2610,14,18,95,4,2,5,11,Loyal Customers
2611,90,25,93,2,3,5,10,Loyal Customers
2612,14,4,99,4,1,5,10,Loyal Customers
2613,90,27,22,2,3,1,6,At Risk
2614,30,14,88,3,2,5,10,Loyal Customers
2615,14,36,65,4,4,3,11,Loyal Customers
2616,90,6,62,2,1,3,6,At Risk
2617,365,46,55,1,5,3,9,Potential Loyalists
2618,365,29,97,1,3,5,9,Potential Loyalists
2619,30,12,77,3,2,4,9,Potential Loyalists
2620,7,47,40,5,5,2,12,Loyal Customers
2621,365,28,23,1,3,1,5,At Risk
2622,365,21,46,1,3,2,6,At Risk
2623,365,15,75,1,2,4,7,Potential Loyalists
2624,365,38,76,1,4,4,9,Potential Loyalists
2625,365,19,59,1,2,3,6,At Risk
2626,7,31,51,5,4,2,11,Loyal Customers
2627,90,30,46,2,3,2,7,Potential Loyalists
2628,90,40,26,2,4,1,7,Potential Loyalists
2629,14,42,51,4,5,2,11,Loyal Customers
2630,365,25,44,1,3,2,6,At Risk
2631,90,20,82,2,2,4,8,Potential Loyalists
2632,7,3,44,5,1,2,8,Potential Loyalists
2633,365,14,27,1,2,1,4,Low Value / Churn Risk
2634,14,32,90,4,4,5,13,Champions
2635,90,20,58,2,2,3,7,Potential Loyalists
2636,14,34,80,4,4,4,12,Loyal Customers
2637,365,6,40,1,1,2,4,Low Value / Churn Risk
2638,365,2,23,1,1,1,3,Low Value / Churn Risk
2639,365,35,34,1,4,1,6,At Risk
2640,90,33,35,2,4,2,8,Potential Loyalists
2641,14,45,75,4,5,4,13,Champions
2642,90,20,60,2,2,3,7,Potential Loyalists
2643,365,48,87,1,5,5,11,Loyal Customers
2644,30,37,41,3,4,2,9,Potential Loyalists
2645,90,4,83,2,1,4,7,Potential Loyalists
2646,14,24,81,4,3,4,11,Loyal Customers
2647,90,4,56,2,1,3,6,At Risk
2648,365,25,58,1,3,3,7,Potential Loyalists
2649,14,14,84,4,2,4,10,Loyal Customers
2650,14,14,21,4,2,1,7,Potential Loyalists
2651,90,46,35,2,5,2,9,Potential Loyalists
2652,90,27,43,2,3,2,7,Potential Loyalists
2653,30,46,20,3,5,1,9,Potential Loyalists
2654,90,24,36,2,3,2,7,Potential Loyalists
2655,365,4,70,1,1,4,6,At Risk
2656,14,2,83,4,1,4,9,Potential Loyalists
2657,14,29,76,4,3,4,11,Loyal Customers
2658,14,7,81,4,1,4,9,Potential Loyalists
2659,30,39,47,3,4,2,9,Potential Loyalists
2660,14,46,35,4,5,2,11,Loyal Customers
2661,365,44,85,1,5,5,11,Loyal Customers
2662,365,20,96,1,2,5,8,Potential Loyalists
2663,14,44,98,4,5,5,14,Champions
2664,365,23,52,1,3,3,7,Potential Loyalists
2665,7,37,84,5,4,4,13,Champions
2666,7,4,71,5,1,4,10,Loyal Customers
2667,14,14,95,4,2,5,11,Loyal Customers
2668,14,31,47,4,4,2,10,Loyal Customers
2669,90,9,75,2,1,4,7,Potential Loyalists
2670,7,31,28,5,4,1,10,Loyal Customers
2671,14,26,44,4,3,2,9,Potential Loyalists
2672,90,41,64,2,5,3,10,Loyal Customers
2673,365,13,28,1,2,1,4,Low Value / Churn Risk
2674,30,4,21,3,1,1,5,At Risk
2675,90,15,41,2,2,2,6,At Risk
2676,14,38,38,4,4,2,10,Loyal Customers
2677,14,3,77,4,1,4,9,Potential Loyalists
2678,90,6,43,2,1,2,5,At Risk
2679,14,34,91,4,4,5,13,Champions
2680,90,7,68,2,1,4,7,Potential Loyalists
2681,365,21,37,1,3,2,6,At Risk
2682,30,17,23,3,2,1,6,At Risk
2683,90,5,65,2,1,3,6,At Risk
2684,14,21,30,4,3,1,8,Potential Loyalists
2685,14,42,45,4,5,2,11,Loyal Customers
2686,90,49,25,2,5,1,8,Potential Loyalists
2687,14,33,72,4,4,4,12,Loyal Customers
2688,14,12,75,4,2,4,10,Loyal Customers
2689,90,18,63,2,2,3,7,Potential Loyalists
2690,90,47,35,2,5,2,9,Potential Loyalists
2691,7,18,32,5,2,1,8,Potential Loyalists
2692,30,48,25,3,5,1,9,Potential Loyalists
2693,90,18,90,2,2,5,9,Potential Loyalists
2694,90,46,70,2,5,4,11,Loyal Customers
2695,90,34,27,2,4,1,7,Potential Loyalists
2696,14,10,92,4,1,5,10,Loyal Customers
2697,30,12,20,3,2,1,6,At Risk
2698,90,36,52,2,4,3,9,Potential Loyalists
2699,90,34,57,2,4,3,9,Potential Loyalists
2700,365,49,96,1,5,5,11,Loyal Customers
2701,7,36,68,5,4,4,13,Champions
2702,14,18,30,4,2,1,7,Potential Loyalists
2703,14,39,37,4,4,2,10,Loyal Customers
2704,7,34,42,5,4,2,11,Loyal Customers
2705,7,35,54,5,4,3,12,Loyal Customers
2706,14,1,81,4,1,4,9,Potential Loyalists
2707,90,48,40,2,5,2,9,Potential Loyalists
2708,7,19,88,5,2,5,12,Loyal Customers
2709,7,44,94,5,5,5,15,Champions
2710,14,9,54,4,1,3,8,Potential Loyalists
2711,14,3,51,4,1,2,7,Potential Loyalists
2712,30,50,22,3,5,1,9,Potential Loyalists
2713,90,7,95,2,1,5,8,Potential Loyalists
2714,365,20,57,1,2,3,6,At Risk
2715,14,16,45,4,2,2,8,Potential Loyalists
2716,14,29,92,4,3,5,12,Loyal Customers
2717,7,21,40,5,3,2,10,Loyal Customers
2718,90,19,62,2,2,3,7,Potential Loyalists
2719,14,10,90,4,1,5,10,Loyal Customers
2720,30,4,82,3,1,4,8,Potential Loyalists
2721,90,45,52,2,5,3,10,Loyal Customers
2722,14,17,70,4,2,4,10,Loyal Customers
2723,14,22,83,4,3,4,11,Loyal Customers
2724,90,3,49,2,1,2,5,At Risk
2725,14,11,91,4,2,5,11,Loyal Customers
2726,365,4,99,1,1,5,7,Potential Loyalists
2727,14,11,92,4,2,5,11,Loyal Customers
2728,14,47,87,4,5,5,14,Champions
2729,7,17,28,5,2,1,8,Potential Loyalists
2730,30,32,71,3,4,4,11,Loyal Customers
2731,365,37,32,1,4,1,6,At Risk
2732,90,44,33,2,5,1,8,Potential Loyalists
2733,90,27,75,2,3,4,9,Potential Loyalists
2734,365,46,83,1,5,4,10,Loyal Customers
2735,14,13,93,4,2,5,11,Loyal Customers
2736,14,2,29,4,1,1,6,At Risk
2737,365,45,25,1,5,1,7,Potential Loyalists
2738,90,35,76,2,4,4,10,Loyal Customers
2739,90,39,81,2,4,4,10,Loyal Customers
2740,90,39,80,2,4,4,10,Loyal Customers
2741,14,34,70,4,4,4,12,Loyal Customers
2742,30,41,81,3,5,4,12,Loyal Customers
2743,365,47,86,1,5,5,11,Loyal Customers
2744,90,17,94,2,2,5,9,Potential Loyalists
2745,30,40,66,3,4,3,10,Loyal Customers
2746,14,44,98,4,5,5,14,Champions
2747,90,21,25,2,3,1,6,At Risk
2748,90,21,62,2,3,3,8,Potential Loyalists
2749,365,16,98,1,2,5,8,Potential Loyalists
2750,365,15,53,1,2,3,6,At Risk
2751,90,26,66,2,3,3,8,Potential Loyalists
2752,30,50,52,3,5,3,11,Loyal Customers
2753,14,30,64,4,3,3,10,Loyal Customers
2754,90,48,59,2,5,3,10,Loyal Customers
2755,14,21,61,4,3,3,10,Loyal Customers
2756,365,18,97,1,2,5,8,Potential Loyalists
2757,30,41,23,3,5,1,9,Potential Loyalists
2758,30,11,98,3,2,5,10,Loyal Customers
2759,14,8,98,4,1,5,10,Loyal Customers
2760,90,42,59,2,5,3,10,Loyal Customers
2761,14,41,82,4,5,4,13,Champions
2762,90,3,82,2,1,4,7,Potential Loyalists
2763,90,10,41,2,1,2,5,At Risk
2764,90,35,52,2,4,3,9,Potential Loyalists
2765,7,2,41,5,1,2,8,Potential Loyalists
2766,90,24,70,2,3,4,9,Potential Loyalists
2767,30,47,91,3,5,5,13,Champions
2768,30,31,95,3,4,5,12,Loyal Customers
2769,14,28,25,4,3,1,8,Potential Loyalists
2770,7,13,89,5,2,5,12,Loyal Customers
2771,90,22,44,2,3,2,7,Potential Loyalists
2772,14,12,52,4,2,3,9,Potential Loyalists
2773,90,10,94,2,1,5,8,Potential Loyalists
2774,90,45,98,2,5,5,12,Loyal Customers
2775,90,42,40,2,5,2,9,Potential Loyalists
2776,7,16,25,5,2,1,8,Potential Loyalists
2777,365,6,62,1,1,3,5,At Risk
2778,90,28,24,2,3,1,6,At Risk
2779,14,24,57,4,3,3,10,Loyal Customers
2780,14,14,66,4,2,3,9,Potential Loyalists
2781,14,29,70,4,3,4,11,Loyal Customers
2782,7,33,39,5,4,2,11,Loyal Customers
2783,365,30,34,1,3,1,5,At Risk
2784,90,26,38,2,3,2,7,Potential Loyalists
2785,90,12,70,2,2,4,8,Potential Loyalists
2786,30,13,80,3,2,4,9,Potential Loyalists
2787,90,41,51,2,5,2,9,Potential Loyalists
2788,14,4,79,4,1,4,9,Potential Loyalists
2789,365,2,92,1,1,5,7,Potential Loyalists
2790,14,28,85,4,3,5,12,Loyal Customers
2791,365,24,63,1,3,3,7,Potential Loyalists
2792,14,14,60,4,2,3,9,Potential Loyalists
2793,7,11,44,5,2,2,9,Potential Loyalists
2794,14,27,57,4,3,3,10,Loyal Customers
2795,14,7,24,4,1,1,6,At Risk
2796,365,49,35,1,5,2,8,Potential Loyalists
2797,365,21,73,1,3,4,8,Potential Loyalists
2798,90,10,42,2,1,2,5,At Risk
2799,7,37,20,5,4,1,10,Loyal Customers
2800,90,9,89,2,1,5,8,Potential Loyalists
2801,14,14,76,4,2,4,10,Loyal Customers
2802,365,30,56,1,3,3,7,Potential Loyalists
2803,14,42,100,4,5,5,14,Champions
2804,30,31,44,3,4,2,9,Potential Loyalists
2805,90,48,76,2,5,4,11,Loyal Customers
2806,90,48,97,2,5,5,12,Loyal Customers
2807,365,50,39,1,5,2,8,Potential Loyalists
2808,14,10,100,4,1,5,10,Loyal Customers
2809,90,45,62,2,5,3,10,Loyal Customers
2810,90,27,98,2,3,5,10,Loyal Customers
2811,14,10,31,4,1,1,6,At Risk
2812,90,19,89,2,2,5,9,Potential Loyalists
2813,90,1,91,2,1,5,8,Potential Loyalists
2814,90,39,50,2,4,2,8,Potential Loyalists
2815,30,14,32,3,2,1,6,At Risk
2816,90,40,67,2,4,3,9,Potential Loyalists
2817,7,45,28,5,5,1,11,Loyal Customers
2818,7,6,65,5,1,3,9,Potential Loyalists
2819,365,12,73,1,2,4,7,Potential Loyalists
2820,30,19,27,3,2,1,6,At Risk
2821,14,5,89,4,1,5,10,Loyal Customers
2822,30,37,72,3,4,4,11,Loyal Customers
2823,90,33,37,2,4,2,8,Potential Loyalists
2824,14,47,63,4,5,3,12,Loyal Customers
2825,90,49,90,2,5,5,12,Loyal Customers
2826,365,28,62,1,3,3,7,Potential Loyalists
2827,365,23,43,1,3,2,6,At Risk
2828,14,11,96,4,2,5,11,Loyal Customers
2829,90,33,83,2,4,4,10,Loyal Customers
2830,7,47,67,5,5,3,13,Champions
2831,90,13,90,2,2,5,9,Potential Loyalists
2832,7,4,53,5,1,3,9,Potential Loyalists
2833,90,40,37,2,4,2,8,Potential Loyalists
2834,30,19,56,3,2,3,8,Potential Loyalists
2835,7,17,43,5,2,2,9,Potential Loyalists
2836,365,7,84,1,1,4,6,At Risk
2837,14,21,50,4,3,2,9,Potential Loyalists
2838,7,44,88,5,5,5,15,Champions
2839,7,2,50,5,1,2,8,Potential Loyalists
2840,30,30,80,3,3,4,10,Loyal Customers
2841,365,41,47,1,5,2,8,Potential Loyalists
2842,7,31,33,5,4,1,10,Loyal Customers
2843,90,48,100,2,5,5,12,Loyal Customers
2844,7,41,26,5,5,1,11,Loyal Customers
2845,365,42,79,1,5,4,10,Loyal Customers
2846,90,39,77,2,4,4,10,Loyal Customers
2847,14,15,36,4,2,2,8,Potential Loyalists
2848,90,3,21,2,1,1,4,Low Value / Churn Risk
2849,90,28,72,2,3,4,9,Potential Loyalists
2850,14,27,25,4,3,1,8,Potential Loyalists
2851,365,36,79,1,4,4,9,Potential Loyalists
2852,30,42,73,3,5,4,12,Loyal Customers
2853,7,30,71,5,3,4,12,Loyal Customers
2854,7,9,48,5,1,2,8,Potential Loyalists
2855,30,25,28,3,3,1,7,Potential Loyalists
2856,90,33,95,2,4,5,11,Loyal Customers
2857,30,31,48,3,4,2,9,Potential Loyalists
2858,30,35,93,3,4,5,12,Loyal Customers
2859,30,46,87,3,5,5,13,Champions
2860,365,29,32,1,3,1,5,At Risk
2861,7,49,38,5,5,2,12,Loyal Customers
2862,30,27,54,3,3,3,9,Potential Loyalists
2863,90,5,75,2,1,4,7,Potential Loyalists
2864,30,18,56,3,2,3,8,Potential Loyalists
2865,7,31,43,5,4,2,11,Loyal Customers
2866,14,27,97,4,3,5,12,Loyal Customers
2867,365,19,75,1,2,4,7,Potential Loyalists
2868,14,33,55,4,4,3,11,Loyal Customers
2869,90,42,49,2,5,2,9,Potential Loyalists
2870,7,16,58,5,2,3,10,Loyal Customers
2871,90,49,34,2,5,1,8,Potential Loyalists
2872,14,40,43,4,4,2,10,Loyal Customers
2873,365,5,48,1,1,2,4,Low Value / Churn Risk
2874,30,8,40,3,1,2,6,At Risk
2875,365,2,29,1,1,1,3,Low Value / Churn Risk
2876,7,14,81,5,2,4,11,Loyal Customers
2877,14,5,84,4,1,4,9,Potential Loyalists
2878,30,34,46,3,4,2,9,Potential Loyalists
2879,365,13,86,1,2,5,8,Potential Loyalists
2880,365,31,57,1,4,3,8,Potential Loyalists
2881,90,43,61,2,5,3,10,Loyal Customers
2882,365,6,90,1,1,5,7,Potential Loyalists
2883,14,23,51,4,3,3,10,Loyal Customers
2884,7,10,48,5,1,2,8,Potential Loyalists
2885,90,47,50,2,5,2,9,Potential Loyalists
2886,14,14,82,4,2,4,10,Loyal Customers
2887,7,29,33,5,3,1,9,Potential Loyalists
2888,14,12,28,4,2,1,7,Potential Loyalists
2889,90,25,42,2,3,2,7,Potential Loyalists
2890,365,21,43,1,3,2,6,At Risk
2891,30,23,55,3,3,3,9,Potential Loyalists
2892,30,10,73,3,1,4,8,Potential Loyalists
2893,30,47,39,3,5,2,10,Loyal Customers
2894,90,44,20,2,5,1,8,Potential Loyalists
2895,365,41,32,1,5,1,7,Potential Loyalists
2896,30,29,86,3,3,5,11,Loyal Customers
2897,90,2,91,2,1,5,8,Potential Loyalists
2898,14,2,59,4,1,3,8,Potential Loyalists
2899,365,29,33,1,3,1,5,At Risk
2900,14,22,64,4,3,3,10,Loyal Customers
2901,14,23,67,4,3,3,10,Loyal Customers
2902,90,46,43,2,5,2,9,Potential Loyalists
2903,14,19,32,4,2,1,7,Potential Loyalists
2904,90,24,39,2,3,2,7,Potential Loyalists
2905,30,43,41,3,5,2,10,Loyal Customers
2906,14,14,53,4,2,3,9,Potential Loyalists
2907,365,7,27,1,1,1,3,Low Value / Churn Risk
2908,14,50,82,4,5,4,13,Champions
2909,90,15,87,2,2,5,9,Potential Loyalists
2910,90,40,78,2,4,4,10,Loyal Customers
2911,30,41,32,3,5,1,9,Potential Loyalists
2912,90,34,38,2,4,2,8,Potential Loyalists
2913,14,27,37,4,3,2,9,Potential Loyalists
2914,90,12,83,2,2,4,8,Potential Loyalists
2915,14,1,72,4,1,4,9,Potential Loyalists
2916,14,39,30,4,4,1,9,Potential Loyalists
2917,14,13,66,4,2,3,9,Potential Loyalists
2918,365,50,45,1,5,2,8,Potential Loyalists
2919,7,36,73,5,4,4,13,Champions
2920,30,31,67,3,4,3,10,Loyal Customers
2921,14,3,72,4,1,4,9,Potential Loyalists
2922,14,11,24,4,2,1,7,Potential Loyalists
2923,90,16,68,2,2,4,8,Potential Loyalists
2924,90,12,70,2,2,4,8,Potential Loyalists
2925,90,37,64,2,4,3,9,Potential Loyalists
2926,90,43,91,2,5,5,12,Loyal Customers
2927,7,9,82,5,1,4,10,Loyal Customers
2928,14,15,24,4,2,1,7,Potential Loyalists
2929,7,17,80,5,2,4,11,Loyal Customers
2930,14,42,53,4,5,3,12,Loyal Customers
2931,30,14,50,3,2,2,7,Potential Loyalists
2932,14,49,31,4,5,1,10,Loyal Customers
2933,90,3,88,2,1,5,8,Potential Loyalists
2934,30,28,52,3,3,3,9,Potential Loyalists
2935,90,41,22,2,5,1,8,Potential Loyalists
2936,7,11,27,5,2,1,8,Potential Loyalists
2937,7,46,34,5,5,1,11,Loyal Customers
2938,7,15,39,5,2,2,9,Potential Loyalists
2939,30,15,53,3,2,3,8,Potential Loyalists
2940,7,34,46,5,4,2,11,Loyal Customers
2941,30,13,85,3,2,5,10,Loyal Customers
2942,30,27,86,3,3,5,11,Loyal Customers
2943,7,37,63,5,4,3,12,Loyal Customers
2944,30,37,44,3,4,2,9,Potential Loyalists
2945,90,4,95,2,1,5,8,Potential Loyalists
2946,90,1,49,2,1,2,5,At Risk
2947,90,29,77,2,3,4,9,Potential Loyalists
2948,365,50,63,1,5,3,9,Potential Loyalists
2949,14,38,83,4,4,4,12,Loyal Customers
2950,365,15,93,1,2,5,8,Potential Loyalists
2951,90,44,91,2,5,5,12,Loyal Customers
2952,7,14,99,5,2,5,12,Loyal Customers
2953,30,5,24,3,1,1,5,At Risk
2954,365,11,82,1,2,4,7,Potential Loyalists
2955,365,15,28,1,2,1,4,Low Value / Churn Risk
2956,365,46,67,1,5,3,9,Potential Loyalists
2957,30,30,88,3,3,5,11,Loyal Customers
2958,365,2,70,1,1,4,6,At Risk
2959,30,28,100,3,3,5,11,Loyal Customers
2960,90,9,28,2,1,1,4,Low Value / Churn Risk
2961,7,47,48,5,5,2,12,Loyal Customers
2962,14,21,43,4,3,2,9,Potential Loyalists
2963,90,42,40,2,5,2,9,Potential Loyalists
2964,7,28,97,5,3,5,13,Champions
2965,14,13,25,4,2,1,7,Potential Loyalists
2966,14,25,45,4,3,2,9,Potential Loyalists
2967,90,38,49,2,4,2,8,Potential Loyalists
2968,365,40,36,1,4,2,7,Potential Loyalists
2969,90,25,48,2,3,2,7,Potential Loyalists
2970,90,20,62,2,2,3,7,Potential Loyalists
2971,14,44,74,4,5,4,13,Champions
2972,90,9,100,2,1,5,8,Potential Loyalists
2973,90,11,39,2,2,2,6,At Risk
2974,14,3,65,4,1,3,8,Potential Loyalists
2975,7,34,99,5,4,5,14,Champions
2976,90,48,68,2,5,4,11,Loyal Customers
2977,14,28,97,4,3,5,12,Loyal Customers
2978,365,20,47,1,2,2,5,At Risk
2979,14,49,56,4,5,3,12,Loyal Customers
2980,7,14,91,5,2,5,12,Loyal Customers
2981,30,9,93,3,1,5,9,Potential Loyalists
2982,365,37,36,1,4,2,7,Potential Loyalists
2983,7,4,45,5,1,2,8,Potential Loyalists
2984,90,1,44,2,1,2,5,At Risk
2985,14,36,32,4,4,1,9,Potential Loyalists
2986,14,21,36,4,3,2,9,Potential Loyalists
2987,30,16,85,3,2,5,10,Loyal Customers
2988,30,42,36,3,5,2,10,Loyal Customers
2989,30,31,55,3,4,3,10,Loyal Customers
2990,7,6,20,5,1,1,7,Potential Loyalists
2991,30,24,91,3,3,5,11,Loyal Customers
2992,14,7,71,4,1,4,9,Potential Loyalists
2993,7,25,64,5,3,3,11,Loyal Customers
2994,14,18,21,4,2,1,7,Potential Loyalists
2995,90,14,100,2,2,5,9,Potential Loyalists
2996,14,42,96,4,5,5,14,Champions
2997,90,6,91,2,1,5,8,Potential Loyalists
2998,90,14,40,2,2,2,6,At Risk
2999,90,30,53,2,3,3,8,Potential Loyalists
3000,30,10,48,3,1,2,6,At Risk
3001,7,7,70,5,1,4,10,Loyal Customers
3002,90,28,29,2,3,1,6,At Risk
3003,90,19,29,2,2,1,5,At Risk
3004,90,13,53,2,2,3,7,Potential Loyalists
3005,14,23,79,4,3,4,11,Loyal Customers
3006,7,5,65,5,1,3,9,Potential Loyalists
3007,14,17,99,4,2,5,11,Loyal Customers
3008,7,31,60,5,4,3,12,Loyal Customers
3009,7,19,86,5,2,5,12,Loyal Customers
3010,14,8,73,4,1,4,9,Potential Loyalists
3011,365,15,45,1,2,2,5,At Risk
3012,90,18,70,2,2,4,8,Potential Loyalists
3013,365,16,65,1,2,3,6,At Risk
3014,30,13,55,3,2,3,8,Potential Loyalists
3015,90,38,65,2,4,3,9,Potential Loyalists
3016,14,27,21,4,3,1,8,Potential Loyalists
3017,90,31,26,2,4,1,7,Potential Loyalists
3018,14,24,71,4,3,4,11,Loyal Customers
3019,14,21,41,4,3,2,9,Potential Loyalists
3020,365,15,44,1,2,2,5,At Risk
3021,90,48,81,2,5,4,11,Loyal Customers
3022,90,47,77,2,5,4,11,Loyal Customers
3023,7,23,26,5,3,1,9,Potential Loyalists
3024,90,4,31,2,1,1,4,Low Value / Churn Risk
3025,90,47,82,2,5,4,11,Loyal Customers
3026,30,7,60,3,1,3,7,Potential Loyalists
3027,365,6,70,1,1,4,6,At Risk
3028,90,47,26,2,5,1,8,Potential Loyalists
3029,90,7,100,2,1,5,8,Potential Loyalists
3030,90,1,82,2,1,4,7,Potential Loyalists
3031,7,23,24,5,3,1,9,Potential Loyalists
3032,30,30,74,3,3,4,10,Loyal Customers
3033,90,24,58,2,3,3,8,Potential Loyalists
3034,7,9,56,5,1,3,9,Potential Loyalists
3035,90,25,37,2,3,2,7,Potential Loyalists
3036,14,18,64,4,2,3,9,Potential Loyalists
3037,14,7,58,4,1,3,8,Potential Loyalists
3038,365,2,44,1,1,2,4,Low Value / Churn Risk
3039,365,36,39,1,4,2,7,Potential Loyalists
3040,14,31,48,4,4,2,10,Loyal Customers
3041,14,10,32,4,1,1,6,At Risk
3042,30,27,79,3,3,4,10,Loyal Customers
3043,90,14,27,2,2,1,5,At Risk
3044,30,17,98,3,2,5,10,Loyal Customers
3045,90,10,67,2,1,3,6,At Risk
3046,14,4,37,4,1,2,7,Potential Loyalists
3047,90,25,49,2,3,2,7,Potential Loyalists
3048,14,3,74,4,1,4,9,Potential Loyalists
3049,14,47,93,4,5,5,14,Champions
3050,14,41,60,4,5,3,12,Loyal Customers
3051,90,28,76,2,3,4,9,Potential Loyalists
3052,90,49,64,2,5,3,10,Loyal Customers
3053,14,7,38,4,1,2,7,Potential Loyalists
3054,30,22,91,3,3,5,11,Loyal Customers
3055,30,34,70,3,4,4,11,Loyal Customers
3056,14,5,22,4,1,1,6,At Risk
3057,14,15,59,4,2,3,9,Potential Loyalists
3058,7,26,22,5,3,1,9,Potential Loyalists
3059,14,3,74,4,1,4,9,Potential Loyalists
3060,90,42,71,2,5,4,11,Loyal Customers
3061,30,1,80,3,1,4,8,Potential Loyalists
3062,90,20,59,2,2,3,7,Potential Loyalists
3063,30,39,96,3,4,5,12,Loyal Customers
3064,14,24,43,5,3,2,10,Loyal Customers
3065,90,49,76,2,5,4,11,Loyal Customers
3066,14,7,59,5,1,3,9,Potential Loyalists
3067,90,13,48,2,2,2,6,At Risk
3068,7,2,22,5,1,1,7,Potential Loyalists
3069,7,4,40,5,1,2,8,Potential Loyalists
3070,90,17,73,2,2,4,8,Potential Loyalists
3071,14,43,26,5,5,1,11,Loyal Customers
3072,30,6,41,3,1,2,6,At Risk
3073,90,46,98,2,5,5,12,Loyal Customers
3074,14,7,63,5,1,3,9,Potential Loyalists
3075,14,34,55,5,4,3,12,Loyal Customers
3076,90,21,90,2,3,5,10,Loyal Customers
3077,14,13,46,5,2,2,9,Potential Loyalists
3078,14,33,88,5,4,5,14,Champions
3079,14,24,95,5,3,5,13,Champions
3080,365,4,31,1,1,1,3,Low Value / Churn Risk
3081,14,5,42,5,1,2,8,Potential Loyalists
3082,7,11,44,5,2,2,9,Potential Loyalists
3083,365,20,99,1,2,5,8,Potential Loyalists
3084,90,28,20,2,3,1,6,At Risk
3085,30,43,37,3,5,2,10,Loyal Customers
3086,90,10,50,2,1,2,5,At Risk
3087,90,26,73,2,3,4,9,Potential Loyalists
3088,30,29,84,3,3,4,10,Loyal Customers
3089,90,35,64,2,4,3,9,Potential Loyalists
3090,14,23,21,5,3,1,9,Potential Loyalists
3091,90,15,36,2,2,2,6,At Risk
3092,365,46,81,1,5,4,10,Loyal Customers
3093,14,14,54,5,2,3,10,Loyal Customers
3094,90,17,63,2,2,3,7,Potential Loyalists
3095,7,9,59,5,1,3,9,Potential Loyalists
3096,14,13,53,5,2,3,10,Loyal Customers
3097,30,20,63,3,2,3,8,Potential Loyalists
3098,90,39,33,2,4,1,7,Potential Loyalists
3099,90,50,64,2,5,3,10,Loyal Customers
3100,14,21,98,5,3,5,13,Champions
3101,7,3,85,5,1,5,11,Loyal Customers
3102,14,9,82,5,1,4,10,Loyal Customers
3103,14,29,85,5,3,5,13,Champions
3104,7,42,37,5,5,2,12,Loyal Customers
3105,14,41,56,5,5,3,13,Champions
3106,30,17,33,3,2,1,6,At Risk
3107,365,20,57,1,2,3,6,At Risk
3108,14,18,31,5,2,1,8,Potential Loyalists
3109,30,7,69,3,1,4,8,Potential Loyalists
3110,14,47,92,5,5,5,15,Champions
3111,14,2,46,5,1,2,8,Potential Loyalists
3112,90,25,81,2,3,4,9,Potential Loyalists
3113,365,26,97,1,3,5,9,Potential Loyalists
3114,7,2,93,5,1,5,11,Loyal Customers
3115,14,45,56,5,5,3,13,Champions
3116,14,9,53,5,1,3,9,Potential Loyalists
3117,7,1,66,5,1,3,9,Potential Loyalists
3118,14,4,50,5,1,2,8,Potential Loyalists
3119,90,31,97,2,4,5,11,Loyal Customers
3120,90,21,79,2,3,4,9,Potential Loyalists
3121,14,32,76,5,4,4,13,Champions
3122,7,16,38,5,2,2,9,Potential Loyalists
3123,14,34,45,5,4,2,11,Loyal Customers
3124,14,40,77,5,4,4,13,Champions
3125,90,4,51,2,1,3,6,At Risk
3126,90,3,26,2,1,1,4,Low Value / Churn Risk
3127,14,28,76,5,3,4,12,Loyal Customers
3128,90,43,94,2,5,5,12,Loyal Customers
3129,365,20,32,1,2,1,4,Low Value / Churn Risk
3130,90,40,20,2,4,1,7,Potential Loyalists
3131,90,34,20,2,4,1,7,Potential Loyalists
3132,90,11,59,2,2,3,7,Potential Loyalists
3133,90,26,97,2,3,5,10,Loyal Customers
3134,14,29,68,5,3,4,12,Loyal Customers
3135,7,47,66,5,5,3,13,Champions
3136,14,48,85,5,5,5,15,Champions
3137,14,29,32,5,3,1,9,Potential Loyalists
3138,30,14,44,3,2,2,7,Potential Loyalists
3139,90,40,95,2,5,5,12,Loyal Customers
3140,7,4,85,5,1,5,11,Loyal Customers
3141,7,37,44,5,4,2,11,Loyal Customers
3142,14,47,30,5,5,1,11,Loyal Customers
3143,90,1,21,2,1,1,4,Low Value / Churn Risk
3144,90,26,22,2,3,1,6,At Risk
3145,90,12,70,2,2,4,8,Potential Loyalists
3146,14,16,29,5,2,1,8,Potential Loyalists
3147,365,19,83,1,2,4,7,Potential Loyalists
3148,7,21,99,5,3,5,13,Champions
3149,7,15,35,5,2,2,9,Potential Loyalists
3150,365,9,40,1,1,2,4,Low Value / Churn Risk
3151,14,7,25,5,1,1,7,Potential Loyalists
3152,90,47,64,2,5,3,10,Loyal Customers
3153,30,17,90,3,2,5,10,Loyal Customers
3154,14,46,88,5,5,5,15,Champions
3155,90,32,55,2,4,3,9,Potential Loyalists
3156,365,34,90,1,4,5,10,Loyal Customers
3157,30,18,50,3,2,2,7,Potential Loyalists
3158,14,5,34,5,1,1,7,Potential Loyalists
3159,30,44,77,3,5,4,12,Loyal Customers
3160,90,4,89,2,1,5,8,Potential Loyalists
3161,14,37,87,5,4,5,14,Champions
3162,30,43,77,3,5,4,12,Loyal Customers
3163,90,28,85,2,3,5,10,Loyal Customers
3164,30,36,66,3,4,3,10,Loyal Customers
3165,365,16,32,1,2,1,4,Low Value / Churn Risk
3166,90,38,92,2,4,5,11,Loyal Customers
3167,14,37,80,5,4,4,13,Champions
3168,14,9,78,5,1,4,10,Loyal Customers
3169,14,14,24,5,2,1,8,Potential Loyalists
3170,7,3,59,5,1,3,9,Potential Loyalists
3171,14,10,41,5,1,2,8,Potential Loyalists
3172,14,26,26,5,3,1,9,Potential Loyalists
3173,14,30,52,5,3,3,11,Loyal Customers
3174,14,32,46,5,4,2,11,Loyal Customers
3175,30,35,52,3,4,3,10,Loyal Customers
3176,90,26,42,2,3,2,7,Potential Loyalists
3177,30,39,37,3,4,2,9,Potential Loyalists
3178,30,31,52,3,4,3,10,Loyal Customers
3179,365,28,34,1,3,1,5,At Risk
3180,14,12,88,5,2,5,12,Loyal Customers
3181,7,46,88,5,5,5,15,Champions
3182,90,27,51,2,3,3,8,Potential Loyalists
3183,365,4,97,1,1,5,7,Potential Loyalists
3184,90,14,56,2,2,3,7,Potential Loyalists
3185,90,30,53,2,3,3,8,Potential Loyalists
3186,365,6,71,1,1,4,6,At Risk
3187,365,43,93,1,5,5,11,Loyal Customers
3188,7,28,72,5,3,4,12,Loyal Customers
3189,30,39,59,3,4,3,10,Loyal Customers
3190,14,30,87,5,3,5,13,Champions
3191,14,5,78,5,1,4,10,Loyal Customers
3192,90,42,68,2,5,4,11,Loyal Customers
3193,14,20,76,5,2,4,11,Loyal Customers
3194,14,35,99,5,4,5,14,Champions
3195,14,10,52,5,1,3,9,Potential Loyalists
3196,90,36,58,2,4,3,9,Potential Loyalists
3197,14,21,59,5,3,3,11,Loyal Customers
3198,90,29,71,2,3,4,9,Potential Loyalists
3199,7,39,94,5,4,5,14,Champions
3200,30,16,40,3,2,2,7,Potential Loyalists
3201,30,32,24,3,4,1,8,Potential Loyalists
3202,30,34,38,3,4,2,9,Potential Loyalists
3203,365,38,37,1,4,2,7,Potential Loyalists
3204,365,14,29,1,2,1,4,Low Value / Churn Risk
3205,14,23,92,5,3,5,13,Champions
3206,90,50,24,2,5,1,8,Potential Loyalists
3207,30,49,52,3,5,3,11,Loyal Customers
3208,365,14,29,1,2,1,4,Low Value / Churn Risk
3209,7,42,30,5,5,1,11,Loyal Customers
3210,365,39,31,1,4,1,6,At Risk
3211,14,43,67,5,5,3,13,Champions
3212,30,12,65,3,2,3,8,Potential Loyalists
3213,7,21,22,5,3,1,9,Potential Loyalists
3214,30,33,56,3,4,3,10,Loyal Customers
3215,365,6,78,1,1,4,6,At Risk
3216,90,10,90,2,1,5,8,Potential Loyalists
3217,7,18,85,5,2,5,12,Loyal Customers
3218,7,46,58,5,5,3,13,Champions
3219,30,49,34,3,5,1,9,Potential Loyalists
3220,7,39,40,5,4,2,11,Loyal Customers
3221,30,16,29,3,2,1,6,At Risk
3222,365,28,76,1,3,4,8,Potential Loyalists
3223,90,22,84,2,3,4,9,Potential Loyalists
3224,14,36,65,5,4,3,12,Loyal Customers
3225,30,18,80,3,2,4,9,Potential Loyalists
3226,7,31,98,5,4,5,14,Champions
3227,14,38,71,5,4,4,13,Champions
3228,90,42,69,2,5,4,11,Loyal Customers
3229,365,27,95,1,3,5,9,Potential Loyalists
3230,30,24,67,3,3,3,9,Potential Loyalists
3231,365,38,49,1,4,2,7,Potential Loyalists
3232,365,9,97,1,1,5,7,Potential Loyalists
3233,30,19,34,3,2,1,6,At Risk
3234,14,11,74,5,2,4,11,Loyal Customers
3235,90,16,96,2,2,5,9,Potential Loyalists
3236,30,18,68,3,2,4,9,Potential Loyalists
3237,30,8,84,3,1,4,8,Potential Loyalists
3238,7,4,57,5,1,3,9,Potential Loyalists
3239,90,37,84,2,4,4,10,Loyal Customers
3240,30,30,32,3,3,1,7,Potential Loyalists
3241,30,37,37,3,4,2,9,Potential Loyalists
3242,90,30,58,2,3,3,8,Potential Loyalists
3243,7,17,74,5,2,4,11,Loyal Customers
3244,90,11,99,2,2,5,9,Potential Loyalists
3245,365,42,81,1,5,4,10,Loyal Customers
3246,7,20,76,5,2,4,11,Loyal Customers
3247,30,37,98,3,4,5,12,Loyal Customers
3248,14,12,91,5,2,5,12,Loyal Customers
3249,90,41,79,2,5,4,11,Loyal Customers
3250,90,32,83,2,4,4,10,Loyal Customers
3251,7,15,90,5,2,5,12,Loyal Customers
3252,90,39,20,2,4,1,7,Potential Loyalists
3253,14,48,21,5,5,1,11,Loyal Customers
3254,14,8,60,5,1,3,9,Potential Loyalists
3255,90,11,31,2,2,1,5,At Risk
3256,30,36,40,3,4,2,9,Potential Loyalists
3257,90,50,26,2,5,1,8,Potential Loyalists
3258,90,39,98,2,4,5,11,Loyal Customers
3259,14,11,51,5,2,3,10,Loyal Customers
3260,90,5,95,2,1,5,8,Potential Loyalists
3261,365,7,36,1,1,2,4,Low Value / Churn Risk
3262,7,50,52,5,5,3,13,Champions
3263,90,21,35,2,3,2,7,Potential Loyalists
3264,14,31,68,5,4,4,13,Champions
3265,14,39,50,5,4,2,11,Loyal Customers
3266,14,28,100,5,3,5,13,Champions
3267,7,33,74,5,4,4,13,Champions
3268,90,42,45,2,5,2,9,Potential Loyalists
3269,90,5,97,2,1,5,8,Potential Loyalists
3270,30,25,60,3,3,3,9,Potential Loyalists
3271,365,48,25,1,5,1,7,Potential Loyalists
3272,7,30,55,5,4,3,12,Loyal Customers
3273,90,34,99,2,4,5,11,Loyal Customers
3274,90,34,45,2,4,2,8,Potential Loyalists
3275,14,14,20,5,2,1,8,Potential Loyalists
3276,7,2,88,5,1,5,11,Loyal Customers
3277,90,41,99,2,5,5,12,Loyal Customers
3278,30,3,86,3,1,5,9,Potential Loyalists
3279,7,18,70,5,2,4,11,Loyal Customers
3280,14,1,50,5,1,2,8,Potential Loyalists
3281,30,5,57,3,1,3,7,Potential Loyalists
3282,365,41,69,1,5,4,10,Loyal Customers
3283,30,5,94,3,1,5,9,Potential Loyalists
3284,90,10,24,2,1,1,4,Low Value / Churn Risk
3285,365,20,79,1,2,4,7,Potential Loyalists
3286,7,11,31,5,2,1,8,Potential Loyalists
3287,14,4,67,5,1,3,9,Potential Loyalists
3288,7,38,63,5,4,3,12,Loyal Customers
3289,14,19,61,5,2,3,10,Loyal Customers
3290,90,16,50,2,2,2,6,At Risk
3291,30,2,82,3,1,4,8,Potential Loyalists
3292,30,11,51,3,2,3,8,Potential Loyalists
3293,14,18,23,5,2,1,8,Potential Loyalists
3294,14,47,91,5,5,5,15,Champions
3295,14,15,60,5,2,3,10,Loyal Customers
3296,7,15,34,5,2,1,8,Potential Loyalists
3297,90,47,23,2,5,1,8,Potential Loyalists
3298,30,47,82,3,5,4,12,Loyal Customers
3299,90,6,73,2,1,4,7,Potential Loyalists
3300,30,18,32,3,2,1,6,At Risk
3301,14,40,80,5,5,4,14,Champions
3302,14,31,58,5,4,3,12,Loyal Customers
3303,14,31,82,5,4,4,13,Champions
3304,14,4,60,5,1,3,9,Potential Loyalists
3305,90,36,79,2,4,4,10,Loyal Customers
3306,14,31,41,5,4,2,11,Loyal Customers
3307,14,6,39,5,1,2,8,Potential Loyalists
3308,30,1,36,3,1,2,6,At Risk
3309,30,29,70,3,3,4,10,Loyal Customers
3310,30,19,47,3,2,2,7,Potential Loyalists
3311,14,12,27,5,2,1,8,Potential Loyalists
3312,365,18,52,1,2,3,6,At Risk
3313,90,45,75,2,5,4,11,Loyal Customers
3314,30,45,30,3,5,1,9,Potential Loyalists
3315,90,8,94,2,1,5,8,Potential Loyalists
3316,90,4,68,2,1,4,7,Potential Loyalists
3317,14,5,45,5,1,2,8,Potential Loyalists
3318,90,30,67,2,4,3,9,Potential Loyalists
3319,30,15,46,3,2,2,7,Potential Loyalists
3320,90,17,31,2,2,1,5,At Risk
3321,90,45,44,2,5,2,9,Potential Loyalists
3322,365,3,100,1,1,5,7,Potential Loyalists
3323,7,43,92,5,5,5,15,Champions
3324,30,4,78,3,1,4,8,Potential Loyalists
3325,7,41,32,5,5,1,11,Loyal Customers
3326,30,16,97,3,2,5,10,Loyal Customers
3327,365,10,95,1,1,5,7,Potential Loyalists
3328,90,2,64,2,1,3,6,At Risk
3329,14,11,35,5,2,2,9,Potential Loyalists
3330,14,1,54,5,1,3,9,Potential Loyalists
3331,90,41,96,2,5,5,12,Loyal Customers
3332,90,39,58,2,4,3,9,Potential Loyalists
3333,14,1,23,5,1,1,7,Potential Loyalists
3334,30,3,35,3,1,2,6,At Risk
3335,365,21,23,1,3,1,5,At Risk
3336,90,48,94,3,5,5,13,Champions
3337,365,24,45,1,3,2,6,At Risk
3338,14,45,23,5,5,1,11,Loyal Customers
3339,30,46,94,3,5,5,13,Champions
3340,14,35,99,5,4,5,14,Champions
3341,14,47,36,5,5,2,12,Loyal Customers
3342,30,35,50,3,4,2,9,Potential Loyalists
3343,7,45,81,5,5,4,14,Champions
3344,14,6,31,5,1,1,7,Potential Loyalists
3345,365,20,48,1,2,2,5,At Risk
3346,14,3,91,5,1,5,11,Loyal Customers
3347,90,30,99,3,4,5,12,Loyal Customers
3348,14,28,70,5,3,4,12,Loyal Customers
3349,90,15,74,3,2,4,9,Potential Loyalists
3350,90,29,79,3,3,4,10,Loyal Customers
3351,14,15,33,5,2,1,8,Potential Loyalists
3352,14,18,49,5,2,2,9,Potential Loyalists
3353,14,7,96,5,1,5,11,Loyal Customers
3354,90,19,66,3,2,3,8,Potential Loyalists
3355,7,15,45,5,2,2,9,Potential Loyalists
3356,14,3,28,5,1,1,7,Potential Loyalists
3357,14,13,48,5,2,2,9,Potential Loyalists
3358,30,37,67,3,4,3,10,Loyal Customers
3359,365,26,59,1,3,3,7,Potential Loyalists
3360,30,29,74,3,3,4,10,Loyal Customers
3361,90,47,81,3,5,4,12,Loyal Customers
3362,14,47,26,5,5,1,11,Loyal Customers
3363,14,48,61,5,5,3,13,Champions
3364,14,46,23,5,5,1,11,Loyal Customers
3365,30,7,33,3,1,1,5,At Risk
3366,90,45,58,3,5,3,11,Loyal Customers
3367,90,47,65,3,5,3,11,Loyal Customers
3368,14,6,48,5,1,2,8,Potential Loyalists
3369,90,29,25,3,3,1,7,Potential Loyalists
3370,30,42,51,3,5,3,11,Loyal Customers
3371,14,46,31,5,5,1,11,Loyal Customers
3372,365,28,99,1,3,5,9,Potential Loyalists
3373,90,14,25,3,2,1,6,At Risk
3374,90,12,52,3,2,3,8,Potential Loyalists
3375,365,41,47,1,5,2,8,Potential Loyalists
3376,365,8,98,1,1,5,7,Potential Loyalists
3377,90,24,46,3,3,2,8,Potential Loyalists
3378,14,18,32,5,2,1,8,Potential Loyalists
3379,90,6,75,3,1,4,8,Potential Loyalists
3380,7,40,51,5,5,3,13,Champions
3381,90,6,52,3,1,3,7,Potential Loyalists
3382,90,27,66,3,3,3,9,Potential Loyalists
3383,7,2,35,5,1,2,8,Potential Loyalists
3384,14,39,43,5,4,2,11,Loyal Customers
3385,90,9,24,3,1,1,5,At Risk
3386,90,16,83,3,2,4,9,Potential Loyalists
3387,90,36,62,3,4,3,10,Loyal Customers
3388,14,2,78,5,1,4,10,Loyal Customers
3389,7,21,61,5,3,3,11,Loyal Customers
3390,365,39,57,1,4,3,8,Potential Loyalists
3391,365,38,70,1,4,4,9,Potential Loyalists
3392,90,6,57,3,1,3,7,Potential Loyalists
3393,14,6,74,5,1,4,10,Loyal Customers
3394,30,50,90,3,5,5,13,Champions
3395,365,9,98,1,1,5,7,Potential Loyalists
3396,90,15,43,3,2,2,7,Potential Loyalists
3397,90,5,37,3,1,2,6,At Risk
3398,14,13,38,5,2,2,9,Potential Loyalists
3399,14,44,60,5,5,3,13,Champions
3400,365,36,55,1,4,3,8,Potential Loyalists
3401,14,18,51,5,2,3,10,Loyal Customers
3402,7,39,71,5,4,4,13,Champions
3403,90,11,61,3,2,3,8,Potential Loyalists
3404,14,1,65,5,1,3,9,Potential Loyalists
3405,365,34,34,1,4,1,6,At Risk
3406,14,47,87,5,5,5,15,Champions
3407,90,24,79,3,3,4,10,Loyal Customers
3408,90,20,46,3,2,2,7,Potential Loyalists
3409,365,11,72,1,2,4,7,Potential Loyalists
3410,90,3,93,3,1,5,9,Potential Loyalists
3411,14,38,76,5,4,4,13,Champions
3412,7,45,56,5,5,3,13,Champions
3413,90,31,83,3,4,4,11,Loyal Customers
3414,14,16,90,5,2,5,12,Loyal Customers
3415,90,3,94,3,1,5,9,Potential Loyalists
3416,365,15,68,1,2,4,7,Potential Loyalists
3417,90,11,53,3,2,3,8,Potential Loyalists
3418,14,22,35,5,3,2,10,Loyal Customers
3419,365,35,30,1,4,1,6,At Risk
3420,14,5,26,5,1,1,7,Potential Loyalists
3421,14,35,60,5,4,3,12,Loyal Customers
3422,7,27,30,5,3,1,9,Potential Loyalists
3423,30,9,91,3,1,5,9,Potential Loyalists
3424,14,21,71,5,3,4,12,Loyal Customers
3425,30,23,64,3,3,3,9,Potential Loyalists
3426,14,3,54,5,1,3,9,Potential Loyalists
3427,365,31,35,1,4,2,7,Potential Loyalists
3428,365,44,38,1,5,2,8,Potential Loyalists
3429,30,20,69,3,2,4,9,Potential Loyalists
3430,7,34,96,5,4,5,14,Champions
3431,90,17,73,3,2,4,9,Potential Loyalists
3432,365,20,49,1,2,2,5,At Risk
3433,90,46,44,3,5,2,10,Loyal Customers
3434,365,28,93,1,3,5,9,Potential Loyalists
3435,14,6,72,5,1,4,10,Loyal Customers
3436,14,50,91,5,5,5,15,Champions
3437,30,41,83,3,5,4,12,Loyal Customers
3438,365,50,62,1,5,3,9,Potential Loyalists
3439,30,33,71,3,4,4,11,Loyal Customers
3440,90,25,93,3,3,5,11,Loyal Customers
3441,7,2,63,5,1,3,9,Potential Loyalists
3442,365,15,96,1,2,5,8,Potential Loyalists
3443,7,12,78,5,2,4,11,Loyal Customers
3444,14,28,24,5,3,1,9,Potential Loyalists
3445,14,12,63,5,2,3,10,Loyal Customers
3446,365,3,58,1,1,3,5,At Risk
3447,7,20,55,5,2,3,10,Loyal Customers
3448,14,3,58,5,1,3,9,Potential Loyalists
3449,14,32,28,5,4,1,10,Loyal Customers
3450,30,35,37,3,4,2,9,Potential Loyalists
3451,30,31,78,3,4,4,11,Loyal Customers
3452,365,13,73,1,2,4,7,Potential Loyalists
3453,14,3,20,5,1,1,7,Potential Loyalists
3454,14,48,60,5,5,3,13,Champions
3455,14,15,71,5,2,4,11,Loyal Customers
3456,365,13,89,1,2,5,8,Potential Loyalists
3457,30,21,53,3,3,3,9,Potential Loyalists
3458,14,29,87,5,3,5,13,Champions
3459,90,24,37,3,3,2,8,Potential Loyalists
3460,365,21,37,1,3,2,6,At Risk
3461,14,5,78,5,1,4,10,Loyal Customers
3462,90,47,23,3,5,1,9,Potential Loyalists
3463,90,34,73,3,4,4,11,Loyal Customers
3464,14,45,27,5,5,1,11,Loyal Customers
3465,365,12,59,1,2,3,6,At Risk
3466,7,31,53,5,4,3,12,Loyal Customers
3467,365,43,42,1,5,2,8,Potential Loyalists
3468,365,5,45,1,1,2,4,Low Value / Churn Risk
3469,90,36,89,3,4,5,12,Loyal Customers
3470,365,12,85,1,2,5,8,Potential Loyalists
3471,14,31,69,5,4,4,13,Champions
3472,14,31,66,5,4,3,12,Loyal Customers
3473,7,15,42,5,2,2,9,Potential Loyalists
3474,7,11,40,5,2,2,9,Potential Loyalists
3475,30,18,82,3,2,4,9,Potential Loyalists
3476,90,9,88,3,1,5,9,Potential Loyalists
3477,7,11,99,5,2,5,12,Loyal Customers
3478,14,38,85,5,4,5,14,Champions
3479,90,42,57,3,5,3,11,Loyal Customers
3480,30,41,56,3,5,3,11,Loyal Customers
3481,30,45,79,3,5,4,12,Loyal Customers
3482,14,41,67,5,5,3,13,Champions
3483,7,35,61,5,4,3,12,Loyal Customers
3484,90,21,37,3,3,2,8,Potential Loyalists
3485,14,13,75,5,2,4,11,Loyal Customers
3486,14,23,21,5,3,1,9,Potential Loyalists
3487,7,6,89,5,1,5,11,Loyal Customers
3488,365,39,24,1,4,1,6,At Risk
3489,90,7,27,3,1,1,5,At Risk
3490,90,32,26,3,4,1,8,Potential Loyalists
3491,90,43,82,3,5,4,12,Loyal Customers
3492,30,15,28,3,2,1,6,At Risk
3493,365,48,65,1,5,3,9,Potential Loyalists
3494,7,35,82,5,4,4,13,Champions
3495,90,41,38,3,5,2,10,Loyal Customers
3496,7,14,33,5,2,1,8,Potential Loyalists
3497,30,22,38,3,3,2,8,Potential Loyalists
3498,90,16,48,3,2,2,7,Potential Loyalists
3499,14,2,35,5,1,2,8,Potential Loyalists
3500,90,13,29,3,2,1,6,At Risk
3501,14,38,48,5,4,2,11,Loyal Customers
3502,7,43,87,5,5,5,15,Champions
3503,90,26,62,3,3,3,9,Potential Loyalists
3504,7,39,96,5,4,5,14,Champions
3505,30,50,41,3,5,2,10,Loyal Customers
3506,90,40,42,3,5,2,10,Loyal Customers
3507,14,12,57,5,2,3,10,Loyal Customers
3508,90,33,65,3,4,3,10,Loyal Customers
3509,7,49,54,5,5,3,13,Champions
3510,14,43,22,5,5,1,11,Loyal Customers
3511,30,14,96,3,2,5,10,Loyal Customers
3512,90,21,81,3,3,4,10,Loyal Customers
3513,90,31,46,3,4,2,9,Potential Loyalists
3514,14,29,74,5,3,4,12,Loyal Customers
3515,30,32,50,3,4,2,9,Potential Loyalists
3516,14,16,80,5,2,4,11,Loyal Customers
3517,14,38,56,5,4,3,12,Loyal Customers
3518,90,34,69,3,4,4,11,Loyal Customers
3519,90,30,97,3,4,5,12,Loyal Customers
3520,14,14,66,5,2,3,10,Loyal Customers
3521,30,33,70,3,4,4,11,Loyal Customers
3522,7,35,50,5,4,2,11,Loyal Customers
3523,90,13,85,3,2,5,10,Loyal Customers
3524,14,30,59,5,4,3,12,Loyal Customers
3525,30,30,74,3,4,4,11,Loyal Customers
3526,365,47,38,1,5,2,8,Potential Loyalists
3527,90,1,99,3,1,5,9,Potential Loyalists
3528,7,1,97,5,1,5,11,Loyal Customers
3529,365,33,67,1,4,3,8,Potential Loyalists
3530,7,43,20,5,5,1,11,Loyal Customers
3531,7,37,45,5,4,2,11,Loyal Customers
3532,90,23,52,3,3,3,9,Potential Loyalists
3533,365,12,68,1,2,4,7,Potential Loyalists
3534,14,30,98,5,4,5,14,Champions
3535,7,7,83,5,1,4,10,Loyal Customers
3536,30,20,51,3,2,3,8,Potential Loyalists
3537,30,10,21,3,1,1,5,At Risk
3538,90,40,92,3,5,5,13,Champions
3539,30,21,63,3,3,3,9,Potential Loyalists
3540,14,17,56,5,2,3,10,Loyal Customers
3541,7,5,95,5,1,5,11,Loyal Customers
3542,365,22,66,1,3,3,7,Potential Loyalists
3543,7,5,28,5,1,1,7,Potential Loyalists
3544,90,18,83,3,2,4,9,Potential Loyalists
3545,90,42,55,3,5,3,11,Loyal Customers
3546,365,22,28,1,3,1,5,At Risk
3547,14,37,79,5,4,4,13,Champions
3548,365,23,31,1,3,1,5,At Risk
3549,14,47,37,5,5,2,12,Loyal Customers
3550,14,11,34,5,2,1,8,Potential Loyalists
3551,7,32,74,5,4,4,13,Champions
3552,7,20,31,5,2,1,8,Potential Loyalists
3553,90,3,66,3,1,3,7,Potential Loyalists
3554,7,32,99,5,4,5,14,Champions
3555,14,5,55,5,1,3,9,Potential Loyalists
3556,90,45,23,3,5,1,9,Potential Loyalists
3557,14,43,88,5,5,5,15,Champions
3558,90,1,26,3,1,1,5,At Risk
3559,90,9,94,3,1,5,9,Potential Loyalists
3560,90,13,25,3,2,1,6,At Risk
3561,365,5,96,1,1,5,7,Potential Loyalists
3562,14,39,29,5,4,1,10,Loyal Customers
3563,7,7,36,5,1,2,8,Potential Loyalists
3564,90,8,90,3,1,5,9,Potential Loyalists
3565,365,40,38,1,5,2,8,Potential Loyalists
3566,30,35,52,3,4,3,10,Loyal Customers
3567,30,14,88,3,2,5,10,Loyal Customers
3568,30,26,56,3,3,3,9,Potential Loyalists
3569,90,14,71,3,2,4,9,Potential Loyalists
3570,14,9,94,5,1,5,11,Loyal Customers
3571,365,32,97,1,4,5,10,Loyal Customers
3572,90,15,27,3,2,1,6,At Risk
3573,30,25,28,3,3,1,7,Potential Loyalists
3574,30,27,67,3,3,3,9,Potential Loyalists
3575,90,39,70,3,4,4,11,Loyal Customers
3576,14,49,95,5,5,5,15,Champions
3577,14,12,24,5,2,1,8,Potential Loyalists
3578,7,13,35,5,2,2,9,Potential Loyalists
3579,90,22,22,3,3,1,7,Potential Loyalists
3580,90,19,66,3,2,3,8,Potential Loyalists
3581,14,3,83,5,1,4,10,Loyal Customers
3582,7,50,95,5,5,5,15,Champions
3583,365,15,41,1,2,2,5,At Risk
3584,90,44,77,3,5,4,12,Loyal Customers
3585,30,48,52,3,5,3,11,Loyal Customers
3586,14,4,41,5,1,2,8,Potential Loyalists
3587,14,12,28,5,2,1,8,Potential Loyalists
3588,365,33,90,1,4,5,10,Loyal Customers
3589,365,40,55,1,5,3,9,Potential Loyalists
3590,90,38,73,3,4,4,11,Loyal Customers
3591,90,19,87,3,2,5,10,Loyal Customers
3592,90,38,89,3,4,5,12,Loyal Customers
3593,14,18,82,5,2,4,11,Loyal Customers
3594,30,24,80,3,3,4,10,Loyal Customers
3595,90,29,87,3,3,5,11,Loyal Customers
3596,365,14,41,1,2,2,5,At Risk
3597,14,44,83,5,5,4,14,Champions
3598,90,18,71,3,2,4,9,Potential Loyalists
3599,14,19,76,5,2,4,11,Loyal Customers
3600,7,4,34,5,1,1,7,Potential Loyalists
3601,14,25,81,5,3,4,12,Loyal Customers
3602,30,3,47,3,1,2,6,At Risk
3603,90,40,36,3,5,2,10,Loyal Customers
3604,7,5,51,5,1,3,9,Potential Loyalists
3605,365,17,86,1,2,5,8,Potential Loyalists
3606,90,36,41,3,4,2,9,Potential Loyalists
3607,365,41,90,1,5,5,11,Loyal Customers
3608,14,20,93,5,2,5,12,Loyal Customers
3609,90,2,56,3,1,3,7,Potential Loyalists
3610,30,31,39,3,4,2,9,Potential Loyalists
3611,14,23,86,5,3,5,13,Champions
3612,365,30,82,1,4,4,9,Potential Loyalists
3613,90,26,29,3,3,1,7,Potential Loyalists
3614,365,40,27,1,5,1,7,Potential Loyalists
3615,365,19,25,1,2,1,4,Low Value / Churn Risk
3616,30,4,31,3,1,1,5,At Risk
3617,14,33,23,5,4,1,10,Loyal Customers
3618,30,29,47,3,3,2,8,Potential Loyalists
3619,14,47,67,5,5,3,13,Champions
3620,7,50,75,5,5,4,14,Champions
3621,14,28,82,5,3,4,12,Loyal Customers
3622,14,5,32,5,1,1,7,Potential Loyalists
3623,365,12,41,1,2,2,5,At Risk
3624,7,4,89,5,1,5,11,Loyal Customers
3625,14,22,82,5,3,4,12,Loyal Customers
3626,7,32,99,5,4,5,14,Champions
3627,90,32,98,3,4,5,12,Loyal Customers
3628,90,48,54,3,5,3,11,Loyal Customers
3629,30,35,88,3,4,5,12,Loyal Customers
3630,14,44,43,5,5,2,12,Loyal Customers
3631,7,29,73,5,3,4,12,Loyal Customers
3632,30,26,50,3,3,2,8,Potential Loyalists
3633,90,3,73,3,1,4,8,Potential Loyalists
3634,14,1,51,5,1,3,9,Potential Loyalists
3635,365,17,22,1,2,1,4,Low Value / Churn Risk
3636,14,17,32,5,2,1,8,Potential Loyalists
3637,7,36,38,5,4,2,11,Loyal Customers
3638,14,32,66,5,4,3,12,Loyal Customers
3639,14,50,20,5,5,1,11,Loyal Customers
3640,365,39,44,1,4,2,7,Potential Loyalists
3641,30,17,31,3,2,1,6,At Risk
3642,90,39,45,3,4,2,9,Potential Loyalists
3643,365,5,71,1,1,4,6,At Risk
3644,365,47,96,1,5,5,11,Loyal Customers
3645,7,18,32,5,2,1,8,Potential Loyalists
3646,90,31,90,3,4,5,12,Loyal Customers
3647,14,39,68,5,4,4,13,Champions
3648,7,12,45,5,2,2,9,Potential Loyalists
3649,14,45,67,5,5,3,13,Champions
3650,14,33,57,5,4,3,12,Loyal Customers
3651,365,3,60,1,1,3,5,At Risk
3652,90,5,32,3,1,1,5,At Risk
3653,30,23,29,3,3,1,7,Potential Loyalists
3654,14,39,20,5,4,1,10,Loyal Customers
3655,365,10,98,1,1,5,7,Potential Loyalists
3656,14,4,27,5,1,1,7,Potential Loyalists
3657,30,18,67,3,2,3,8,Potential Loyalists
3658,90,1,82,3,1,4,8,Potential Loyalists
3659,14,18,72,5,2,4,11,Loyal Customers
3660,365,46,77,1,5,4,10,Loyal Customers
3661,14,13,74,5,2,4,11,Loyal Customers
3662,14,5,39,5,1,2,8,Potential Loyalists
3663,7,11,80,5,2,4,11,Loyal Customers
3664,7,49,59,5,5,3,13,Champions
3665,14,1,68,5,1,4,10,Loyal Customers
3666,90,11,77,3,2,4,9,Potential Loyalists
3667,90,47,50,3,5,2,10,Loyal Customers
3668,30,20,45,3,2,2,7,Potential Loyalists
3669,365,18,71,1,2,4,7,Potential Loyalists
3670,90,43,52,3,5,3,11,Loyal Customers
3671,90,4,50,3,1,2,6,At Risk
3672,90,20,66,3,2,3,8,Potential Loyalists
3673,30,7,81,3,1,4,8,Potential Loyalists
3674,14,31,28,5,4,1,10,Loyal Customers
3675,14,41,65,5,5,3,13,Champions
3676,30,3,80,3,1,4,8,Potential Loyalists
3677,30,16,94,3,2,5,10,Loyal Customers
3678,365,43,30,1,5,1,7,Potential Loyalists
3679,14,29,45,5,3,2,10,Loyal Customers
3680,14,5,91,5,1,5,11,Loyal Customers
3681,90,30,36,3,4,2,9,Potential Loyalists
3682,30,33,73,3,4,4,11,Loyal Customers
3683,14,46,60,5,5,3,13,Champions
3684,14,17,77,5,2,4,11,Loyal Customers
3685,14,47,86,5,5,5,15,Champions
3686,14,17,42,5,2,2,9,Potential Loyalists
3687,14,17,70,5,2,4,11,Loyal Customers
3688,90,28,44,3,3,2,8,Potential Loyalists
3689,30,8,91,3,1,5,9,Potential Loyalists
3690,90,8,30,3,1,1,5,At Risk
3691,14,4,23,5,1,1,7,Potential Loyalists
3692,7,24,21,5,3,1,9,Potential Loyalists
3693,14,29,34,5,3,1,9,Potential Loyalists
3694,7,10,46,5,1,2,8,Potential Loyalists
3695,14,11,41,5,2,2,9,Potential Loyalists
3696,14,18,33,5,2,1,8,Potential Loyalists
3697,365,26,48,1,3,2,6,At Risk
3698,7,39,66,5,4,3,12,Loyal Customers
3699,365,4,54,1,1,3,5,At Risk
3700,7,24,55,5,3,3,11,Loyal Customers
3701,90,2,84,3,1,4,8,Potential Loyalists
3702,365,36,66,1,4,3,8,Potential Loyalists
3703,7,36,65,5,4,3,12,Loyal Customers
3704,90,23,83,3,3,4,10,Loyal Customers
3705,90,36,61,3,4,3,10,Loyal Customers
3706,365,2,65,1,1,3,5,At Risk
3707,14,17,55,5,2,3,10,Loyal Customers
3708,7,19,79,5,2,4,11,Loyal Customers
3709,30,41,96,3,5,5,13,Champions
3710,90,27,43,3,3,2,8,Potential Loyalists
3711,14,32,40,5,4,2,11,Loyal Customers
3712,365,33,62,1,4,3,8,Potential Loyalists
3713,90,24,72,3,3,4,10,Loyal Customers
3714,90,31,87,3,4,5,12,Loyal Customers
3715,7,35,31,5,4,1,10,Loyal Customers
3716,30,2,34,3,1,1,5,At Risk
3717,90,42,53,3,5,3,11,Loyal Customers
3718,90,47,85,3,5,5,13,Champions
3719,14,44,50,5,5,2,12,Loyal Customers
3720,90,8,91,3,1,5,9,Potential Loyalists
3721,90,13,56,3,2,3,8,Potential Loyalists
3722,365,10,60,1,2,3,6,At Risk
3723,14,1,34,5,1,1,7,Potential Loyalists
3724,30,1,30,3,1,1,5,At Risk
3725,365,18,71,1,2,4,7,Potential Loyalists
3726,365,2,100,1,1,5,7,Potential Loyalists
3727,90,36,85,3,4,5,12,Loyal Customers
3728,14,17,83,5,2,4,11,Loyal Customers
3729,365,1,31,1,1,1,3,Low Value / Churn Risk
3730,90,50,82,3,5,4,12,Loyal Customers
3731,14,3,79,5,1,4,10,Loyal Customers
3732,90,45,62,3,5,3,11,Loyal Customers
3733,365,28,92,1,3,5,9,Potential Loyalists
3734,90,6,58,3,1,3,7,Potential Loyalists
3735,90,33,88,3,4,5,12,Loyal Customers
3736,365,29,44,1,3,2,6,At Risk
3737,90,2,56,3,1,3,7,Potential Loyalists
3738,14,43,23,5,5,1,11,Loyal Customers
3739,14,48,45,5,5,2,12,Loyal Customers
3740,7,43,31,5,5,1,11,Loyal Customers
3741,14,26,96,5,3,5,13,Champions
3742,14,26,96,5,3,5,13,Champions
3743,14,50,80,5,5,4,14,Champions
3744,90,36,28,3,4,1,8,Potential Loyalists
3745,14,26,51,5,3,3,11,Loyal Customers
3746,30,2,41,3,1,2,6,At Risk
3747,30,49,99,3,5,5,13,Champions
3748,14,32,53,5,4,3,12,Loyal Customers
3749,365,3,25,1,1,1,3,Low Value / Churn Risk
3750,90,38,95,3,4,5,12,Loyal Customers
3751,30,5,88,3,1,5,9,Potential Loyalists
3752,90,8,97,3,1,5,9,Potential Loyalists
3753,7,43,81,5,5,4,14,Champions
3754,14,22,26,5,3,1,9,Potential Loyalists
3755,90,10,41,3,2,2,7,Potential Loyalists
3756,30,26,93,3,3,5,11,Loyal Customers
3757,14,42,69,5,5,4,14,Champions
3758,7,33,44,5,4,2,11,Loyal Customers
3759,90,23,54,3,3,3,9,Potential Loyalists
3760,90,30,61,3,4,3,10,Loyal Customers
3761,7,36,80,5,4,4,13,Champions
3762,90,3,30,3,1,1,5,At Risk
3763,365,13,94,1,2,5,8,Potential Loyalists
3764,90,38,24,3,4,1,8,Potential Loyalists
3765,30,19,21,3,2,1,6,At Risk
3766,14,14,52,5,2,3,10,Loyal Customers
3767,365,43,59,1,5,3,9,Potential Loyalists
3768,14,10,51,5,2,3,10,Loyal Customers
3769,90,34,35,3,4,2,9,Potential Loyalists
3770,365,31,87,1,4,5,10,Loyal Customers
3771,7,34,42,5,4,2,11,Loyal Customers
3772,14,28,86,5,3,5,13,Champions
3773,365,35,26,1,4,1,6,At Risk
3774,90,41,60,3,5,3,11,Loyal Customers
3775,14,48,83,5,5,4,14,Champions
3776,90,45,63,3,5,3,11,Loyal Customers
3777,14,10,25,5,2,1,8,Potential Loyalists
3778,7,9,65,5,1,3,9,Potential Loyalists
3779,365,30,60,1,4,3,8,Potential Loyalists
3780,365,45,75,1,5,4,10,Loyal Customers
3781,90,41,57,3,5,3,11,Loyal Customers
3782,14,40,99,5,5,5,15,Champions
3783,14,42,45,5,5,2,12,Loyal Customers
3784,14,17,66,5,2,3,10,Loyal Customers
3785,365,4,53,1,1,3,5,At Risk
3786,30,6,94,3,1,5,9,Potential Loyalists
3787,7,22,47,5,3,2,10,Loyal Customers
3788,90,46,80,3,5,4,12,Loyal Customers
3789,30,27,65,3,3,3,9,Potential Loyalists
3790,90,18,75,3,2,4,9,Potential Loyalists
3791,7,31,45,5,4,2,11,Loyal Customers
3792,7,1,51,5,1,3,9,Potential Loyalists
3793,14,2,58,5,1,3,9,Potential Loyalists
3794,365,46,20,1,5,1,7,Potential Loyalists
3795,7,27,82,5,3,4,12,Loyal Customers
3796,7,3,92,5,1,5,11,Loyal Customers
3797,90,47,81,3,5,4,12,Loyal Customers
3798,90,20,44,3,2,2,7,Potential Loyalists
3799,365,23,72,1,3,4,8,Potential Loyalists
3800,30,13,26,3,2,1,6,At Risk
3801,14,12,26,5,2,1,8,Potential Loyalists
3802,14,36,84,5,4,4,13,Champions
3803,30,1,72,3,1,4,8,Potential Loyalists
3804,7,14,55,5,2,3,10,Loyal Customers
3805,365,45,77,1,5,4,10,Loyal Customers
3806,90,31,57,3,4,3,10,Loyal Customers
3807,7,41,71,5,5,4,14,Champions
3808,365,36,39,1,4,2,7,Potential Loyalists
3809,14,6,28,5,1,1,7,Potential Loyalists
3810,365,28,33,1,3,1,5,At Risk
3811,30,29,79,3,3,4,10,Loyal Customers
3812,30,14,30,3,2,1,6,At Risk
3813,90,7,75,3,1,4,8,Potential Loyalists
3814,14,31,89,5,4,5,14,Champions
3815,90,26,95,3,3,5,11,Loyal Customers
3816,14,12,44,5,2,2,9,Potential Loyalists
3817,14,45,86,5,5,5,15,Champions
3818,365,40,91,1,5,5,11,Loyal Customers
3819,30,42,41,3,5,2,10,Loyal Customers
3820,90,45,99,3,5,5,13,Champions
3821,90,34,65,3,4,3,10,Loyal Customers
3822,90,34,48,3,4,2,9,Potential Loyalists
3823,90,17,41,3,2,2,7,Potential Loyalists
3824,7,27,42,5,3,2,10,Loyal Customers
3825,90,31,26,3,4,1,8,Potential Loyalists
3826,14,47,35,5,5,2,12,Loyal Customers
3827,365,25,31,1,3,1,5,At Risk
3828,14,47,73,5,5,4,14,Champions
3829,7,8,82,5,1,4,10,Loyal Customers
3830,14,32,32,5,4,1,10,Loyal Customers
3831,90,33,27,3,4,1,8,Potential Loyalists
3832,90,16,86,3,2,5,10,Loyal Customers
3833,7,27,38,5,3,2,10,Loyal Customers
3834,90,17,93,3,2,5,10,Loyal Customers
3835,90,17,59,3,2,3,8,Potential Loyalists
3836,14,28,58,5,3,3,11,Loyal Customers
3837,14,38,84,5,4,4,13,Champions
3838,14,33,100,5,4,5,14,Champions
3839,90,24,25,3,3,1,7,Potential Loyalists
3840,90,14,29,3,2,1,6,At Risk
3841,14,5,42,5,1,2,8,Potential Loyalists
3842,30,8,57,3,1,3,7,Potential Loyalists
3843,30,42,84,3,5,5,13,Champions
3844,90,48,71,3,5,4,12,Loyal Customers
3845,90,40,87,3,5,5,13,Champions
3846,365,46,52,1,5,3,9,Potential Loyalists
3847,90,40,58,3,5,3,11,Loyal Customers
3848,14,31,34,5,4,1,10,Loyal Customers
3849,90,39,60,3,4,3,10,Loyal Customers
3850,14,36,68,5,4,4,13,Champions
3851,90,25,74,3,3,4,10,Loyal Customers
3852,365,24,83,1,3,4,8,Potential Loyalists
3853,7,19,79,5,2,4,11,Loyal Customers
3854,14,49,76,5,5,4,14,Champions
3855,365,4,20,1,1,1,3,Low Value / Churn Risk
3856,90,36,61,3,4,3,10,Loyal Customers
3857,90,8,78,3,1,4,8,Potential Loyalists
3858,90,29,21,3,3,1,7,Potential Loyalists
3859,90,26,77,3,3,4,10,Loyal Customers
3860,14,47,88,5,5,5,15,Champions
3861,365,44,64,1,5,3,9,Potential Loyalists
3862,30,49,57,3,5,3,11,Loyal Customers
3863,30,9,49,3,1,2,6,At Risk
3864,14,28,35,5,3,2,10,Loyal Customers
3865,14,1,99,5,1,5,11,Loyal Customers
3866,90,28,42,3,3,2,8,Potential Loyalists
3867,14,33,32,5,4,1,10,Loyal Customers
3868,30,28,21,3,3,1,7,Potential Loyalists
3869,365,9,29,1,1,1,3,Low Value / Churn Risk
3870,365,28,64,1,3,3,7,Potential Loyalists
3871,90,19,46,3,2,2,7,Potential Loyalists
3872,90,20,97,3,3,5,11,Loyal Customers
3873,30,3,94,3,1,5,9,Potential Loyalists
3874,7,22,43,5,3,2,10,Loyal Customers
3875,14,33,54,5,4,3,12,Loyal Customers
3876,365,21,51,1,3,3,7,Potential Loyalists
3877,365,7,85,1,1,5,7,Potential Loyalists
3878,30,46,96,3,5,5,13,Champions
3879,365,24,42,1,3,2,6,At Risk
3880,90,6,63,3,1,3,7,Potential Loyalists
3881,30,40,20,3,5,1,9,Potential Loyalists
3882,7,17,25,5,2,1,8,Potential Loyalists
3883,14,24,95,5,3,5,13,Champions
3884,14,22,38,5,3,2,10,Loyal Customers
3885,7,3,29,5,1,1,7,Potential Loyalists
3886,90,39,64,3,4,3,10,Loyal Customers
3887,90,40,92,3,5,5,13,Champions
3888,90,1,34,3,1,1,5,At Risk
3889,14,14,69,5,2,4,11,Loyal Customers
3890,365,49,65,1,5,3,9,Potential Loyalists
3891,365,33,81,1,4,4,9,Potential Loyalists
3892,90,6,30,3,1,1,5,At Risk
3893,14,5,86,5,1,5,11,Loyal Customers
3894,14,29,64,5,3,3,11,Loyal Customers
3895,90,44,78,3,5,4,12,Loyal Customers
3896,7,32,28,5,4,1,10,Loyal Customers
3897,14,41,49,5,5,2,12,Loyal Customers
3898,90,24,33,3,3,1,7,Potential Loyalists
3899,7,24,77,5,3,4,12,Loyal Customers
3900,90,33,81,3,4,4,11,Loyal Customers
